run_id,algorithm,variant,instance_id,n_usvs,n_tasks,seed,epoch,timestamp,elapsed_sec,train_reward_avg,train_reward_std,train_makespan_avg,train_makespan_min,train_makespan_std,success_rate,n_trajectories,n_success,n_failed,eval_makespan,eval_success,best_eval_makespan,best_eval_epoch,gap_to_best_rule_percent,best_rule_name,best_rule_makespan,random_makespan,actor_loss,critic_loss,entropy,lr_actor_encoder,lr_actor,lr_critic_encoder,lr_critic,lr_shared_encoder,hidden_dim,hgnn_layers,n_heads,ppo_epochs,vectorized_update,update_batch_size,update_shuffle,gamma,gae_lambda,clip_epsilon,entropy_coef,reward_normalization,best_model_path,rollout_time_sec,update_time_sec,epoch_time_sec,batch_prepare_time_sec,actor_update_time_sec,critic_update_time_sec
PPO_full_u2_t20_seed0_20260521_211450,PPO,full,u2_t20,2,20,0,0,2026-05-21 21:14:50,0.5065101999789476,,,,,,,,,,1649.0041549464518,1,1649.0041549464518,0,33.4710232900268,MinBattery_NearestTask,1235.4772701211982,1648.142715048298,,,,0.0001,0.0003,0.0001,0.0003,,256,3,4,4,1,128,1,0.99,0.95,0.2,0.01,1,models\best_u2_t20_seed0.pth,,,,,,
PPO_full_u2_t20_seed0_20260521_211450,PPO,full,u2_t20,2,20,0,1,2026-05-21 21:14:55,5.21137280005496,-1.1081413496740824,0.06861676623243568,1792.6472494763284,1654.8168658920044,111.00177544201685,1.0,8,8,0,1622.8600751952886,1,1622.8600751952886,1,31.354911534397452,MinBattery_NearestTask,1235.4772701211982,1648.142715048298,-0.07630994799546897,0.04333575803320855,1.7413251250982285,0.0001,0.0003,0.0001,0.0003,,256,3,4,4,1,128,1,0.99,0.95,0.2,0.01,1,models\best_u2_t20_seed0.pth,3.4639374999096617,0.8016971000470221,4.671650699921884,0.012982900021597743,0.48819420009385794,0.29508039995562285
PPO_full_u2_t20_seed0_20260521_211450,PPO,full,u2_t20,2,20,0,2,2026-05-21 21:14:55,5.904550399980508,-1.0740273434608567,0.033324339359621584,1737.4608064970612,1657.2149613741533,53.90899393043245,1.0,8,8,0,,,1622.8600751952886,1,,MinBattery_NearestTask,1235.4772701211982,1648.142715048298,0.011683163233101368,0.014526178943924606,1.8151977509260178,0.0001,0.0003,0.0001,0.0003,,256,3,4,4,1,128,1,0.99,0.95,0.2,0.01,1,models\best_u2_t20_seed0.pth,0.295228699920699,0.34257620002608746,0.6378938999259844,0.0015384999569505453,0.17125540017150342,0.14769769983831793
PPO_full_u2_t20_seed0_20260521_211450,PPO,full,u2_t20,2,20,0,3,2026-05-21 21:14:56,6.527087400085293,-1.104951302859475,0.06020290890131997,1787.4866906274156,1709.909281399916,97.39062537840194,1.0,8,8,0,,,1622.8600751952886,1,,MinBattery_NearestTask,1235.4772701211982,1648.142715048298,-0.014916167361661792,0.0077978543704375625,1.7599637508392334,0.0001,0.0003,0.0001,0.0003,,256,3,4,4,1,128,1,0.99,0.95,0.2,0.01,1,models\best_u2_t20_seed0.pth,0.2926856999984011,0.27476370008662343,0.5675495000323281,0.001568000065162778,0.13625840016175061,0.13276780012529343
PPO_full_u2_t20_seed0_20260521_211450,PPO,full,u2_t20,2,20,0,4,2026-05-21 21:14:57,7.16830989997834,-1.1225853812712128,0.08556684441896828,1816.013450477275,1627.8092517619598,138.4220238141521,1.0,8,8,0,,,1622.8600751952886,1,,MinBattery_NearestTask,1235.4772701211982,1648.142715048298,-0.0008847098797559738,0.00732858432456851,1.7650643438100815,0.0001,0.0003,0.0001,0.0003,,256,3,4,4,1,128,1,0.99,0.95,0.2,0.01,1,models\best_u2_t20_seed0.pth,0.29854340001475066,0.2894734999863431,0.5881071999901906,0.001595500041730702,0.1510796002112329,0.13345140009187162
PPO_full_u2_t20_seed0_20260521_211450,PPO,full,u2_t20,2,20,0,5,2026-05-21 21:14:57,7.788147100014612,-1.059098013068997,0.04332592719336695,1713.3095345755128,1558.2059509448586,70.0886256406225,1.0,8,8,0,,,1622.8600751952886,1,,MinBattery_NearestTask,1235.4772701211982,1648.142715048298,-0.04907790455035865,0.005153734935447574,1.7322430461645126,0.0001,0.0003,0.0001,0.0003,,256,3,4,4,1,128,1,0.99,0.95,0.2,0.01,1,models\best_u2_t20_seed0.pth,0.2819860000163317,0.28279500000644475,0.5648983999853954,0.0012404000153765082,0.1538202001247555,0.12304760003462434
PPO_full_u2_t20_seed0_20260521_211450,PPO,full,u2_t20,2,20,0,6,2026-05-21 21:14:58,8.41220520006027,-1.0761540504596498,0.045721150327408505,1740.9011938203478,1608.9960224648066,73.96339320920436,1.0,8,8,0,,,1622.8600751952886,1,,MinBattery_NearestTask,1235.4772701211982,1648.142715048298,-0.003405918600037694,0.004451301705557853,1.7441858798265457,0.0001,0.0003,0.0001,0.0003,,256,3,4,4,1,128,1,0.99,0.95,0.2,0.01,1,models\best_u2_t20_seed0.pth,0.29676779999863356,0.2714990000240505,0.5683523000916466,0.001539899967610836,0.13841100013814867,0.1274832998169586
PPO_full_u2_t20_seed0_20260521_211450,PPO,full,u2_t20,2,20,0,7,2026-05-21 21:14:59,9.04275810008403,-1.1121985072393823,0.08414494769769855,1799.2105388547698,1631.0057412342592,136.12181252145606,1.0,8,8,0,,,1622.8600751952886,1,,MinBattery_NearestTask,1235.4772701211982,1648.142715048298,0.013425266835838556,0.005910225969273597,1.805972307920456,0.0001,0.0003,0.0001,0.0003,,256,3,4,4,1,128,1,0.99,0.95,0.2,0.01,1,models\best_u2_t20_seed0.pth,0.29688180005177855,0.2752344999462366,0.5722205000929534,0.0017095999792218208,0.14013209997210652,0.12972750014159828
PPO_full_u2_t20_seed0_20260521_211450,PPO,full,u2_t20,2,20,0,8,2026-05-21 21:14:59,9.76666349999141,-1.090620423210865,0.15976497984462804,1764.3035362471442,1219.020995667319,258.4528153970141,1.0,8,8,0,,,1622.8600751952886,1,,MinBattery_NearestTask,1235.4772701211982,1648.142715048298,-0.01959747076034546,0.007688952435273677,1.7804928719997406,0.0001,0.0003,0.0001,0.0003,,256,3,4,4,1,128,1,0.99,0.95,0.2,0.01,1,models\best_u2_t20_seed0.pth,0.30510410002898425,0.36246799991931766,0.6676802999572828,0.0019181000534445047,0.1616856000619009,0.18098690023180097
PPO_full_u2_t20_seed0_20260521_211450,PPO,full,u2_t20,2,20,0,9,2026-05-21 21:15:00,10.453093299991451,-1.0460322475372512,0.03198256964139365,1692.1729632800948,1597.7307273903166,51.73840459585044,1.0,8,8,0,,,1622.8600751952886,1,,MinBattery_NearestTask,1235.4772701211982,1648.142715048298,-0.025487005012109876,0.003820294077740982,1.757584109902382,0.0001,0.0003,0.0001,0.0003,,256,3,4,4,1,128,1,0.99,0.95,0.2,0.01,1,models\best_u2_t20_seed0.pth,0.2940795000176877,0.2953817000379786,0.5895715000806376,0.0014338999753817916,0.1556265999097377,0.13431130012031645
PPO_full_u2_t20_seed0_20260521_211450,PPO,full,u2_t20,2,20,0,10,2026-05-21 21:15:01,11.535678400075994,-1.1087085415324127,0.12173691587977091,1793.5647993223479,1521.3032798823986,196.93457651028618,1.0,8,8,0,1426.809895089656,1,1426.809895089656,10,15.486535413936705,MinBattery_NearestTask,1235.4772701211982,1648.142715048298,-0.033089749282225966,0.0054168583010323346,1.774890959262848,0.0001,0.0003,0.0001,0.0003,,256,3,4,4,1,128,1,0.99,0.95,0.2,0.01,1,models\best_u2_t20_seed0.pth,0.3302282999502495,0.3163671001093462,1.024050600011833,0.0014146000612527132,0.1558019999647513,0.13518609991297126
PPO_full_u2_t20_seed0_20260521_211450,PPO,full,u2_t20,2,20,0,11,2026-05-21 21:15:02,12.19160510005895,-1.0689096066894455,0.07840489491788578,1729.1818114487196,1627.5057888818606,126.83609294190366,1.0,8,8,0,,,1426.809895089656,10,,MinBattery_NearestTask,1235.4772701211982,1648.142715048298,0.009851965704001486,0.004298060346627608,1.7737800478935242,0.0001,0.0003,0.0001,0.0003,,256,3,4,4,1,128,1,0.99,0.95,0.2,0.01,1,models\best_u2_t20_seed0.pth,0.30111809994559735,0.2986846000421792,0.599891799967736,0.0017209999496117234,0.14444210019428283,0.12480820016935468
PPO_full_u2_t20_seed0_20260521_211450,PPO,full,u2_t20,2,20,0,12,2026-05-21 21:15:02,12.878094300045632,-1.0697757838580078,0.05245444308310367,1730.5830317165485,1583.708861025302,84.85588336126466,1.0,8,8,0,,,1426.809895089656,10,,MinBattery_NearestTask,1235.4772701211982,1648.142715048298,-0.006480082171037793,0.003672350780107081,1.6629686206579208,0.0001,0.0003,0.0001,0.0003,,256,3,4,4,1,128,1,0.99,0.95,0.2,0.01,1,models\best_u2_t20_seed0.pth,0.31821890000719577,0.30825830006506294,0.6265906000044197,0.001616499968804419,0.1613943997072056,0.14150830020662397
PPO_full_u2_t20_seed0_20260521_211450,PPO,full,u2_t20,2,20,0,13,2026-05-21 21:15:03,13.558227200061083,-1.0466728876495748,0.02646377793468503,1693.209330829775,1640.8875210823123,42.81062044956472,1.0,8,8,0,,,1426.809895089656,10,,MinBattery_NearestTask,1235.4772701211982,1648.142715048298,0.006339796353131533,0.0027301976806484163,1.6341391801834106,0.0001,0.0003,0.0001,0.0003,,256,3,4,4,1,128,1,0.99,0.95,0.2,0.01,1,models\best_u2_t20_seed0.pth,0.3197788998950273,0.28849440009798855,0.6083757999585941,0.0014616999542340636,0.15081460017245263,0.13279459986370057
PPO_full_u2_t20_seed0_20260521_211450,PPO,full,u2_t20,2,20,0,14,2026-05-21 21:15:04,14.270230400026776,-1.0408421875624538,0.03367460738423337,1683.7769705295543,1597.592798510198,54.47562472269061,1.0,8,8,0,,,1426.809895089656,10,,MinBattery_NearestTask,1235.4772701211982,1648.142715048298,-0.000680114608258009,0.00329159596003592,1.6184520423412323,0.0001,0.0003,0.0001,0.0003,,256,3,4,4,1,128,1,0.99,0.95,0.2,0.01,1,models\best_u2_t20_seed0.pth,0.33783600002061576,0.31121949991211295,0.6491722000064328,0.0013288999907672405,0.16195550002157688,0.14328259998001158
PPO_full_u2_t20_seed0_20260521_211450,PPO,full,u2_t20,2,20,0,15,2026-05-21 21:15:05,15.004265199997462,-1.0162187130684006,0.05465593033174385,1643.9434205611344,1503.7884695958135,88.4172431663047,1.0,8,8,0,,,1426.809895089656,10,,MinBattery_NearestTask,1235.4772701211982,1648.142715048298,0.0040272201877087355,0.0031198441865853965,1.7057102024555206,0.0001,0.0003,0.0001,0.0003,,256,3,4,4,1,128,1,0.99,0.95,0.2,0.01,1,models\best_u2_t20_seed0.pth,0.34896720002871007,0.3186495000263676,0.6677298001013696,0.0022831999231129885,0.16786759987007827,0.14462009991984814
PPO_full_u2_t20_seed0_20260521_211450,PPO,full,u2_t20,2,20,0,16,2026-05-21 21:15:05,15.817798000061885,-1.015980546405153,0.03647746607607799,1643.558136848083,1548.397328576522,59.00982690374255,1.0,8,8,0,,,1426.809895089656,10,,MinBattery_NearestTask,1235.4772701211982,1648.142715048298,-0.030636571114882827,0.0032503379334229976,1.7454931139945984,0.0001,0.0003,0.0001,0.0003,,256,3,4,4,1,128,1,0.99,0.95,0.2,0.01,1,models\best_u2_t20_seed0.pth,0.469295599963516,0.28858819999732077,0.7579886999446899,0.001323999953456223,0.13982310018036515,0.12412210030015558
PPO_full_u2_t20_seed0_20260521_211450,PPO,full,u2_t20,2,20,0,17,2026-05-21 21:15:06,16.44731140008662,-1.051525219348076,0.07762737455800682,1701.0589784179851,1512.9935604697869,125.57829335256538,1.0,8,8,0,,,1426.809895089656,10,,MinBattery_NearestTask,1235.4772701211982,1648.142715048298,0.01808993984013796,0.0038648709014523774,1.716819629073143,0.0001,0.0003,0.0001,0.0003,,256,3,4,4,1,128,1,0.99,0.95,0.2,0.01,1,models\best_u2_t20_seed0.pth,0.2940750999841839,0.271709099994041,0.5658866999438033,0.001633100095205009,0.141643000068143,0.12508469994645566
PPO_full_u2_t20_seed0_20260521_211450,PPO,full,u2_t20,2,20,0,18,2026-05-21 21:15:07,17.11184929998126,-1.022533224393399,0.05449731888012126,1654.1584453518572,1487.7880091981153,88.16065642078689,1.0,8,8,0,,,1426.809895089656,10,,MinBattery_NearestTask,1235.4772701211982,1648.142715048298,-0.009403242962434888,0.002826511365128681,1.6331395208835602,0.0001,0.0003,0.0001,0.0003,,256,3,4,4,1,128,1,0.99,0.95,0.2,0.01,1,models\best_u2_t20_seed0.pth,0.30038809997495264,0.2703387000365183,0.5708306999877095,0.0014676999999210238,0.13788339996244758,0.1272656002547592
PPO_full_u2_t20_seed0_20260521_211450,PPO,full,u2_t20,2,20,0,19,2026-05-21 21:15:07,17.74857689999044,-1.0248254165097712,0.0387421806138373,1657.8665389934256,1552.3478152391995,62.673469893111644,1.0,8,8,0,,,1426.809895089656,10,,MinBattery_NearestTask,1235.4772701211982,1648.142715048298,-0.03954118909314275,0.0028496425366029143,1.6363884657621384,0.0001,0.0003,0.0001,0.0003,,256,3,4,4,1,128,1,0.99,0.95,0.2,0.01,1,models\best_u2_t20_seed0.pth,0.30122319993097335,0.27943240001332015,0.5807575000217184,0.001372499973513186,0.14063889998942614,0.13363950012717396
PPO_full_u2_t20_seed0_20260521_211450,PPO,full,u2_t20,2,20,0,20,2026-05-21 21:15:08,18.612380500067957,-1.0697984055905243,0.08468770413512881,1730.6196270358969,1593.0211310433115,136.99983303299206,1.0,8,8,0,1512.645444198808,1,1426.809895089656,10,22.434097395447843,MinBattery_NearestTask,1235.4772701211982,1648.142715048298,-0.006378372199833393,0.003367150144185871,1.5604996085166931,0.0001,0.0003,0.0001,0.0003,,256,3,4,4,1,128,1,0.99,0.95,0.2,0.01,1,models\best_u2_t20_seed0.pth,0.29241059999912977,0.2697011000709608,0.7674163000192493,0.0018569000530987978,0.13909810013137758,0.12522819999139756
PPO_full_u2_t20_seed0_20260521_211450,PPO,full,u2_t20,2,20,0,21,2026-05-21 21:15:09,19.355448700021952,-0.9801330283886404,0.09528505019415934,1585.567380892848,1183.9978387220535,154.1432265811683,1.0,8,8,0,,,1426.809895089656,10,,MinBattery_NearestTask,1235.4772701211982,1648.142715048298,0.007108234101906419,0.0046958946622908115,1.5189968943595886,0.0001,0.0003,0.0001,0.0003,,256,3,4,4,1,128,1,0.99,0.95,0.2,0.01,1,models\best_u2_t20_seed0.pth,0.3460610000183806,0.3466003999346867,0.6927615000167862,0.00249629991594702,0.1693712001433596,0.16046150005422533
PPO_full_u2_t20_seed0_20260521_211450,PPO,full,u2_t20,2,20,0,22,2026-05-21 21:15:10,20.317236000089906,-1.001959348755113,0.025611612003836205,1620.8759569898004,1530.453406381239,41.432066249342114,1.0,8,8,0,,,1426.809895089656,10,,MinBattery_NearestTask,1235.4772701211982,1648.142715048298,-0.05232927622273564,0.0026613789377734065,1.5505297183990479,0.0001,0.0003,0.0001,0.0003,,256,3,4,4,1,128,1,0.99,0.95,0.2,0.01,1,models\best_u2_t20_seed0.pth,0.4726498000090942,0.3602330000139773,0.8329904000274837,0.0019783000461757183,0.17851650016382337,0.15656969998963177
PPO_full_u2_t20_seed0_20260521_211450,PPO,full,u2_t20,2,20,0,23,2026-05-21 21:15:11,21.026143900002353,-1.007800725715272,0.049132170760644314,1630.3255893348642,1544.824082089904,79.48142247446569,1.0,8,8,0,,,1426.809895089656,10,,MinBattery_NearestTask,1235.4772701211982,1648.142715048298,0.0310581112280488,0.0028346712642814964,1.5528372079133987,0.0001,0.0003,0.0001,0.0003,,256,3,4,4,1,128,1,0.99,0.95,0.2,0.01,1,models\best_u2_t20_seed0.pth,0.3543745999922976,0.29260919999796897,0.6470839999383315,0.0016524000093340874,0.15501630015205592,0.1323899000417441
PPO_full_u2_t20_seed0_20260521_211450,PPO,full,u2_t20,2,20,0,24,2026-05-21 21:15:11,21.70020140009001,-0.9953686795203471,0.03203761101347618,1610.2141898069526,1490.4847314211531,51.82744537056763,1.0,8,8,0,,,1426.809895089656,10,,MinBattery_NearestTask,1235.4772701211982,1648.142715048298,-0.06639069179072976,0.002487366640707478,1.4212888479232788,0.0001,0.0003,0.0001,0.0003,,256,3,4,4,1,128,1,0.99,0.95,0.2,0.01,1,models\best_u2_t20_seed0.pth,0.33618920005392283,0.2770279999822378,0.6133193999994546,0.0012895999243482947,0.1466252002865076,0.12585159996524453
PPO_full_u2_t20_seed0_20260521_211450,PPO,full,u2_t20,2,20,0,25,2026-05-21 21:15:12,22.38318000000436,-1.0148234979916737,0.0552639904617752,1641.6863723330737,1507.2083027170622,89.40090587317648,1.0,8,8,0,,,1426.809895089656,10,,MinBattery_NearestTask,1235.4772701211982,1648.142715048298,-0.03803832083940506,0.0024684139934834093,1.5060034543275833,0.0001,0.0003,0.0001,0.0003,,256,3,4,4,1,128,1,0.99,0.95,0.2,0.01,1,models\best_u2_t20_seed0.pth,0.31966459995601326,0.29990410001482815,0.6196803000057116,0.001334299915470183,0.15430379996541888,0.14048920013010502
PPO_full_u2_t20_seed0_20260521_211450,PPO,full,u2_t20,2,20,0,26,2026-05-21 21:15:13,23.09278840001207,-0.9863135634035929,0.12880846487110484,1595.5656713619344,1246.7193867801707,208.374265907835,1.0,8,8,0,,,1426.809895089656,10,,MinBattery_NearestTask,1235.4772701211982,1648.142715048298,-0.04422449809499085,0.004645401029847562,1.4252649694681168,0.0001,0.0003,0.0001,0.0003,,256,3,4,4,1,128,1,0.99,0.95,0.2,0.01,1,models\best_u2_t20_seed0.pth,0.3285995000042021,0.30692020000424236,0.6356366999680176,0.001960099907591939,0.15991499996744096,0.1414515000069514
PPO_full_u2_t20_seed0_20260521_211450,PPO,full,u2_t20,2,20,0,27,2026-05-21 21:15:13,23.80677630007267,-0.991225140781455,0.08985994825830186,1603.5111610592587,1240.2036372239518,145.36700496801035,1.0,8,8,0,,,1426.809895089656,10,,MinBattery_NearestTask,1235.4772701211982,1648.142715048298,-0.038595146499574184,0.0035080607049167156,1.4232426136732101,0.0001,0.0003,0.0001,0.0003,,256,3,4,4,1,128,1,0.99,0.95,0.2,0.01,1,models\best_u2_t20_seed0.pth,0.3590675999876112,0.3012583999661729,0.6604269000235945,0.0014259000308811665,0.1575538000324741,0.13841160002630204
PPO_full_u2_t20_seed0_20260521_211450,PPO,full,u2_t20,2,20,0,28,2026-05-21 21:15:14,24.482694100006483,-0.9604558468382615,0.09675152465176423,1553.7354802114887,1256.119147363776,156.51555155904754,1.0,8,8,0,,,1426.809895089656,10,,MinBattery_NearestTask,1235.4772701211982,1648.142715048298,0.0039391424506902695,0.0036802292452193797,1.3423442542552948,0.0001,0.0003,0.0001,0.0003,,256,3,4,4,1,128,1,0.99,0.95,0.2,0.01,1,models\best_u2_t20_seed0.pth,0.3100118999136612,0.29556050000246614,0.6056628000224009,0.00147280003875494,0.14759620011318475,0.12898019992280751
PPO_full_u2_t20_seed0_20260521_211450,PPO,full,u2_t20,2,20,0,29,2026-05-21 21:15:15,25.14884969999548,-0.9792986027159591,0.10100777395048531,1584.217525220136,1170.6579113353882,163.40091289014663,1.0,8,8,0,,,1426.809895089656,10,,MinBattery_NearestTask,1235.4772701211982,1648.142715048298,0.023803236428648233,0.003980016161222011,1.3931754529476166,0.0001,0.0003,0.0001,0.0003,,256,3,4,4,1,128,1,0.99,0.95,0.2,0.01,1,models\best_u2_t20_seed0.pth,0.3163868000265211,0.29049589997157454,0.6069863000884652,0.0013016000157222152,0.14946739980950952,0.13573430012911558
PPO_full_u2_t20_seed0_20260521_211450,PPO,full,u2_t20,2,20,0,30,2026-05-21 21:15:16,26.214436599984765,-0.9425831153870751,0.08642093751814368,1524.8226498347306,1239.3077725184316,139.80369560672963,1.0,8,8,0,1238.2104254666656,1,1238.2104254666656,30,0.22122263286958316,MinBattery_NearestTask,1235.4772701211982,1648.142715048298,0.005750894779339433,0.0033497020485810935,1.349374309182167,0.0001,0.0003,0.0001,0.0003,,256,3,4,4,1,128,1,0.99,0.95,0.2,0.01,1,models\best_u2_t20_seed0.pth,0.3183398999972269,0.29811450000852346,1.0059624999994412,0.0013785000192001462,0.15172660001553595,0.1410978001076728
PPO_full_u2_t20_seed0_20260521_211450,PPO,full,u2_t20,2,20,0,31,2026-05-21 21:15:16,26.90604540007189,-0.9585867941642614,0.07969237339337855,1550.7119019142272,1246.4421102319625,128.91885499074428,1.0,8,8,0,,,1238.2104254666656,30,,MinBattery_NearestTask,1235.4772701211982,1648.142715048298,-0.027435465715825558,0.002892001997679472,1.3603703826665878,0.0001,0.0003,0.0001,0.0003,,256,3,4,4,1,128,1,0.99,0.95,0.2,0.01,1,models\best_u2_t20_seed0.pth,0.31116279994603246,0.2965068999910727,0.6077726000221446,0.0014612999511882663,0.15094100020360202,0.12520159990526736
PPO_full_u2_t20_seed0_20260521_211450,PPO,full,u2_t20,2,20,0,32,2026-05-21 21:15:17,27.536119700060226,-0.9398128224907323,0.12148174903350267,1520.3411295464266,1174.5094340336223,196.5217914939571,1.0,8,8,0,,,1238.2104254666656,30,,MinBattery_NearestTask,1235.4772701211982,1648.142715048298,-4.770769737660885e-05,0.00461442704545334,1.4318144172430038,0.0001,0.0003,0.0001,0.0003,,256,3,4,4,1,128,1,0.99,0.95,0.2,0.01,1,models\best_u2_t20_seed0.pth,0.29403619992081076,0.2742454999824986,0.5683879998978227,0.0016136999474838376,0.14312640007119626,0.12554509995970875
PPO_full_u2_t20_seed0_20260521_211450,PPO,full,u2_t20,2,20,0,33,2026-05-21 21:15:18,28.1969844000414,-0.9836005342750427,0.06012180473587939,1591.1767870319027,1436.2315617683503,97.25942265851344,1.0,8,8,0,,,1238.2104254666656,30,,MinBattery_NearestTask,1235.4772701211982,1648.142715048298,-0.041292096953839064,0.0025294924853369594,1.4237129986286163,0.0001,0.0003,0.0001,0.0003,,256,3,4,4,1,128,1,0.99,0.95,0.2,0.01,1,models\best_u2_t20_seed0.pth,0.3127027000300586,0.2853976000333205,0.5982096999650821,0.001314300112426281,0.14702210004907101,0.1328588998876512
PPO_full_u2_t20_seed0_20260521_211450,PPO,full,u2_t20,2,20,0,34,2026-05-21 21:15:18,28.85053090006113,-0.9809264286554804,0.08501957546789975,1586.8508695078185,1233.8127169996903,137.53670338084683,1.0,8,8,0,,,1238.2104254666656,30,,MinBattery_NearestTask,1235.4772701211982,1648.142715048298,-0.065071573946625,0.0032140358234755695,1.4152777194976807,0.0001,0.0003,0.0001,0.0003,,256,3,4,4,1,128,1,0.99,0.95,0.2,0.01,1,models\best_u2_t20_seed0.pth,0.3090919000096619,0.2822222000686452,0.5914137000218034,0.0012185999657958746,0.14717919984832406,0.13015360001008958
PPO_full_u2_t20_seed0_20260521_211450,PPO,full,u2_t20,2,20,0,35,2026-05-21 21:15:19,29.51069450005889,-1.0108203649780454,0.1157860983869482,1635.2104788125591,1229.3958287802132,187.3079015253832,1.0,8,8,0,,,1238.2104254666656,30,,MinBattery_NearestTask,1235.4772701211982,1648.142715048298,-0.020741219981573522,0.004334622994065285,1.3638558238744736,0.0001,0.0003,0.0001,0.0003,,256,3,4,4,1,128,1,0.99,0.95,0.2,0.01,1,models\best_u2_t20_seed0.pth,0.3028576000360772,0.29927540000062436,0.6022359000053257,0.0015057999407872558,0.15620450011920184,0.12687050004024059
PPO_full_u2_t20_seed0_20260521_211450,PPO,full,u2_t20,2,20,0,36,2026-05-21 21:15:20,30.15923880005721,-0.9349148437957882,0.111757287421713,1512.4176385242142,1210.732510650236,180.79046862062506,1.0,8,8,0,,,1238.2104254666656,30,,MinBattery_NearestTask,1235.4772701211982,1648.142715048298,-0.007048318046145141,0.003997100400738418,1.452659472823143,0.0001,0.0003,0.0001,0.0003,,256,3,4,4,1,128,1,0.99,0.95,0.2,0.01,1,models\best_u2_t20_seed0.pth,0.3035027999430895,0.28362070000730455,0.5872415999183431,0.001426299917511642,0.14239639998413622,0.1232445000205189
PPO_full_u2_t20_seed0_20260521_211450,PPO,full,u2_t20,2,20,0,37,2026-05-21 21:15:20,30.822562100016512,-0.9934934022992747,0.06119312590512121,1607.1805420206392,1388.9777314676217,98.99250566991083,1.0,8,8,0,,,1238.2104254666656,30,,MinBattery_NearestTask,1235.4772701211982,1648.142715048298,0.026218669372610748,0.002948621637187898,1.409401923418045,0.0001,0.0003,0.0001,0.0003,,256,3,4,4,1,128,1,0.99,0.95,0.2,0.01,1,models\best_u2_t20_seed0.pth,0.31392029998824,0.2905486000236124,0.6045914000133052,0.0014123000437393785,0.15328550012782216,0.12762190005742013
PPO_full_u2_t20_seed0_20260521_211450,PPO,full,u2_t20,2,20,0,38,2026-05-21 21:15:21,31.521868400042877,-0.9681809637605854,0.07855241952599346,1566.2324505724987,1261.3907710994713,127.07474443075216,1.0,8,8,0,,,1238.2104254666656,30,,MinBattery_NearestTask,1235.4772701211982,1648.142715048298,0.01243114983662963,0.003082828043261543,1.4242535382509232,0.0001,0.0003,0.0001,0.0003,,256,3,4,4,1,128,1,0.99,0.95,0.2,0.01,1,models\best_u2_t20_seed0.pth,0.31484859995543957,0.3174987999955192,0.6324387000640854,0.0018669000128284097,0.16533479990903288,0.14690799999516457
PPO_full_u2_t20_seed0_20260521_211450,PPO,full,u2_t20,2,20,0,39,2026-05-21 21:15:22,32.15289690007921,-1.0421057263029634,0.02472187534648009,1685.821005118145,1628.4384514417577,39.99273364792191,1.0,8,8,0,,,1238.2104254666656,30,,MinBattery_NearestTask,1235.4772701211982,1648.142715048298,0.021074662916362286,0.0023881078232079744,1.4367742389440536,0.0001,0.0003,0.0001,0.0003,,256,3,4,4,1,128,1,0.99,0.95,0.2,0.01,1,models\best_u2_t20_seed0.pth,0.2993285999400541,0.2723890000488609,0.5718228999758139,0.0013388999504968524,0.14444500009994954,0.12301899993326515
PPO_full_u2_t20_seed0_20260521_211450,PPO,full,u2_t20,2,20,0,40,2026-05-21 21:15:23,33.028838100028224,-0.9956245842189351,0.03611355726711217,1610.6281684516325,1488.134405628481,58.421129328614064,1.0,8,8,0,1622.170061084938,1,1238.2104254666656,30,31.29906152994671,MinBattery_NearestTask,1235.4772701211982,1648.142715048298,-0.03147704899311066,0.002506089600501582,1.4206166565418243,0.0001,0.0003,0.0001,0.0003,,256,3,4,4,1,128,1,0.99,0.95,0.2,0.01,1,models\best_u2_t20_seed0.pth,0.3048360999673605,0.29720340005587786,0.8139045999851078,0.0012855000095441937,0.14168250013608485,0.12763239990454167
PPO_full_u2_t20_seed0_20260521_211450,PPO,full,u2_t20,2,20,0,41,2026-05-21 21:15:23,33.68754150008317,-0.9185658897629883,0.12702362425616853,1485.969832486353,1202.395464976283,205.486917989575,1.0,8,8,0,,,1238.2104254666656,30,,MinBattery_NearestTask,1235.4772701211982,1648.142715048298,0.0009786783484742045,0.005013089627027512,1.3495816141366959,0.0001,0.0003,0.0001,0.0003,,256,3,4,4,1,128,1,0.99,0.95,0.2,0.01,1,models\best_u2_t20_seed0.pth,0.3190562000963837,0.27541849995031953,0.5945605000015348,0.001493500079959631,0.14252169989049435,0.1279570999322459
PPO_full_u2_t20_seed0_20260521_211450,PPO,full,u2_t20,2,20,0,42,2026-05-21 21:15:24,34.335867700050585,-0.9912770811171613,0.03597163547584745,1603.5951852678745,1533.2024442959782,58.19154155190458,1.0,8,8,0,,,1238.2104254666656,30,,MinBattery_NearestTask,1235.4772701211982,1648.142715048298,0.00501693831756711,0.002535746301873587,1.2854530215263367,0.0001,0.0003,0.0001,0.0003,,256,3,4,4,1,128,1,0.99,0.95,0.2,0.01,1,models\best_u2_t20_seed0.pth,0.31271980004385114,0.2729134999681264,0.585729300044477,0.0013457998866215348,0.13784199999645352,0.13107559992931783
PPO_full_u2_t20_seed0_20260521_211450,PPO,full,u2_t20,2,20,0,43,2026-05-21 21:15:24,34.99080530006904,-0.9971320716163904,0.031018446343647886,1613.0668403209415,1501.682644141738,50.17873625717834,1.0,8,8,0,,,1238.2104254666656,30,,MinBattery_NearestTask,1235.4772701211982,1648.142715048298,-0.06396471080370247,0.0022728015173925087,1.3407828509807587,0.0001,0.0003,0.0001,0.0003,,256,3,4,4,1,128,1,0.99,0.95,0.2,0.01,1,models\best_u2_t20_seed0.pth,0.2859505999367684,0.27161890000570565,0.5576667999848723,0.0012028999626636505,0.14255670027341694,0.12334540020674467
PPO_full_u2_t20_seed0_20260521_211450,PPO,full,u2_t20,2,20,0,44,2026-05-21 21:15:25,35.67160500003956,-0.92674251625302,0.1115739934447988,1499.1972127223326,1197.235307858851,180.49395279829113,1.0,8,8,0,,,1238.2104254666656,30,,MinBattery_NearestTask,1235.4772701211982,1648.142715048298,0.01774261158425361,0.004387969936942682,1.2923603653907776,0.0001,0.0003,0.0001,0.0003,,256,3,4,4,1,128,1,0.99,0.95,0.2,0.01,1,models\best_u2_t20_seed0.pth,0.2888520999113098,0.33237800002098083,0.6213265999685973,0.002246999996714294,0.17142550006974488,0.15568940003868192
PPO_full_u2_t20_seed0_20260521_211450,PPO,full,u2_t20,2,20,0,45,2026-05-21 21:15:26,36.313835700042546,-1.001265930938767,0.05246190592670028,1619.7542106154983,1494.7320172662685,84.8679560504128,1.0,8,8,0,,,1238.2104254666656,30,,MinBattery_NearestTask,1235.4772701211982,1648.142715048298,-0.012285484932363033,0.002681363490410149,1.3184977620840073,0.0001,0.0003,0.0001,0.0003,,256,3,4,4,1,128,1,0.99,0.95,0.2,0.01,1,models\best_u2_t20_seed0.pth,0.2910387999145314,0.2896666000597179,0.5808086999459192,0.0012444000458344817,0.1446992999408394,0.128245199797675
PPO_full_u2_t20_seed0_20260521_211450,PPO,full,u2_t20,2,20,0,46,2026-05-21 21:15:26,36.96473860007245,-1.0077232525146793,0.04558565803123397,1630.200260449708,1545.389280316306,73.74420646724771,1.0,8,8,0,,,1238.2104254666656,30,,MinBattery_NearestTask,1235.4772701211982,1648.142715048298,-0.046120105660520494,0.0027829250902868807,1.3330377787351608,0.0001,0.0003,0.0001,0.0003,,256,3,4,4,1,128,1,0.99,0.95,0.2,0.01,1,models\best_u2_t20_seed0.pth,0.3038118000840768,0.27867809997405857,0.5825863000936806,0.0013858000747859478,0.14550379989668727,0.12899420014582574
PPO_full_u2_t20_seed0_20260521_211450,PPO,full,u2_t20,2,20,0,47,2026-05-21 21:15:27,37.64085940003861,-0.930197079487378,0.10004293937423071,1504.785681451557,1234.6067022134532,161.84009391174547,1.0,8,8,0,,,1238.2104254666656,30,,MinBattery_NearestTask,1235.4772701211982,1648.142715048298,-0.07107350369915366,0.0038748962397221476,1.2945460677146912,0.0001,0.0003,0.0001,0.0003,,256,3,4,4,1,128,1,0.99,0.95,0.2,0.01,1,models\best_u2_t20_seed0.pth,0.30623559991363436,0.30649670003913343,0.6128413999686018,0.0012002999428659678,0.15475999983027577,0.12764860014431179
PPO_full_u2_t20_seed0_20260521_211450,PPO,full,u2_t20,2,20,0,48,2026-05-21 21:15:28,38.318686000071466,-1.005564482359578,0.02668713890669171,1626.708004356266,1524.0369050333402,43.17195290252831,1.0,8,8,0,,,1238.2104254666656,30,,MinBattery_NearestTask,1235.4772701211982,1648.142715048298,0.001709764008410275,0.00270761497085914,1.3503797799348831,0.0001,0.0003,0.0001,0.0003,,256,3,4,4,1,128,1,0.99,0.95,0.2,0.01,1,models\best_u2_t20_seed0.pth,0.3271283999783918,0.28937180002685636,0.6165949000278488,0.001657299930229783,0.15064050012733787,0.13458869990427047
PPO_full_u2_t20_seed0_20260521_211450,PPO,full,u2_t20,2,20,0,49,2026-05-21 21:15:28,38.96413840004243,-0.9901658548578685,0.03972936491264756,1601.7975475406543,1478.1140984565805,64.2704441586318,1.0,8,8,0,,,1238.2104254666656,30,,MinBattery_NearestTask,1235.4772701211982,1648.142715048298,0.02627326885703951,0.002330782255739905,1.2662478238344193,0.0001,0.0003,0.0001,0.0003,,256,3,4,4,1,128,1,0.99,0.95,0.2,0.01,1,models\best_u2_t20_seed0.pth,0.2936974000185728,0.28007989993784577,0.5738810000475496,0.0011806999100372195,0.14506080001592636,0.13010649976786226
PPO_full_u2_t20_seed0_20260521_211450,PPO,full,u2_t20,2,20,0,50,2026-05-21 21:15:29,39.871726599987596,-0.9513874906659286,0.07432501153338136,1539.0655432450667,1247.9799674538315,120.23603986242327,1.0,8,8,0,1604.4428578258896,1,1238.2104254666656,30,29.864214957875873,MinBattery_NearestTask,1235.4772701211982,1648.142715048298,0.02709251083433628,0.0029289328667800874,1.3146074563264847,0.0001,0.0003,0.0001,0.0003,,256,3,4,4,1,128,1,0.99,0.95,0.2,0.01,1,models\best_u2_t20_seed0.pth,0.32043989992234856,0.31047910009510815,0.8449664999498054,0.0013417999725788832,0.16305210010614246,0.14305999991483986
PPO_full_u2_t20_seed0_20260521_211450,PPO,full,u2_t20,2,20,0,51,2026-05-21 21:15:30,40.503841100027785,-0.9988766775315178,0.041574774660163655,1615.8891003115946,1524.639443056778,67.25577514462431,1.0,8,8,0,,,1238.2104254666656,30,,MinBattery_NearestTask,1235.4772701211982,1648.142715048298,-0.01613348419778049,0.0020924143464071676,1.336959108710289,0.0001,0.0003,0.0001,0.0003,,256,3,4,4,1,128,1,0.99,0.95,0.2,0.01,1,models\best_u2_t20_seed0.pth,0.2894751999992877,0.27759829990100116,0.5671701999381185,0.0012080000014975667,0.13893070013727993,0.12191069999244064
PPO_full_u2_t20_seed0_20260521_211450,PPO,full,u2_t20,2,20,0,52,2026-05-21 21:15:31,41.14060929999687,-0.9736689071188531,0.04301524549781999,1575.1103311509773,1438.4517755315244,69.58603390253,1.0,8,8,0,,,1238.2104254666656,30,,MinBattery_NearestTask,1235.4772701211982,1648.142715048298,0.02358221309259534,0.002147125022020191,1.3533558696508408,0.0001,0.0003,0.0001,0.0003,,256,3,4,4,1,128,1,0.99,0.95,0.2,0.01,1,models\best_u2_t20_seed0.pth,0.29746479995083064,0.2771326000802219,0.5747138999868184,0.0012417000252753496,0.14357050007674843,0.12802669988013804
PPO_full_u2_t20_seed0_20260521_211450,PPO,full,u2_t20,2,20,0,53,2026-05-21 21:15:31,41.790658200043254,-0.9944281596571406,0.12835377403845102,1608.6927048931816,1199.179182610862,207.63870968050108,1.0,8,8,0,,,1238.2104254666656,30,,MinBattery_NearestTask,1235.4772701211982,1648.142715048298,0.011496284045279026,0.004756212088977918,1.4032963812351227,0.0001,0.0003,0.0001,0.0003,,256,3,4,4,1,128,1,0.99,0.95,0.2,0.01,1,models\best_u2_t20_seed0.pth,0.30846550001297146,0.27994809998199344,0.5885116999270394,0.0014860000228509307,0.14524569979403168,0.13065519998781383
PPO_full_u2_t20_seed0_20260521_211450,PPO,full,u2_t20,2,20,0,54,2026-05-21 21:15:32,42.45038619998377,-0.9883381360436396,0.09831232262863165,1598.8408352890021,1233.9366429267936,159.0404642888563,1.0,8,8,0,,,1238.2104254666656,30,,MinBattery_NearestTask,1235.4772701211982,1648.142715048298,-0.00914367800578475,0.0034419128496665508,1.3589152693748474,0.0001,0.0003,0.0001,0.0003,,256,3,4,4,1,128,1,0.99,0.95,0.2,0.01,1,models\best_u2_t20_seed0.pth,0.3057609999086708,0.28224570001475513,0.588107299990952,0.0013895999873057008,0.14645880018360913,0.13022559962701052
PPO_full_u2_t20_seed0_20260521_211450,PPO,full,u2_t20,2,20,0,55,2026-05-21 21:15:33,43.10904880007729,-0.9836462175391114,0.09203071916749046,1591.2506891362723,1222.427082747163,148.8786747570176,1.0,8,8,0,,,1238.2104254666656,30,,MinBattery_NearestTask,1235.4772701211982,1648.142715048298,-0.014296443434432149,0.0029518180817831308,1.3581388592720032,0.0001,0.0003,0.0001,0.0003,,256,3,4,4,1,128,1,0.99,0.95,0.2,0.01,1,models\best_u2_t20_seed0.pth,0.304441999993287,0.2919772999593988,0.5965110999532044,0.0013102000812068582,0.15100369998253882,0.12370769982226193
PPO_full_u2_t20_seed0_20260521_211450,PPO,full,u2_t20,2,20,0,56,2026-05-21 21:15:33,43.75523050001357,-1.0012072372435126,0.036177827499642705,1619.6592614545539,1506.2110722015796,58.5250996890766,1.0,8,8,0,,,1238.2104254666656,30,,MinBattery_NearestTask,1235.4772701211982,1648.142715048298,0.009049217915162444,0.002084210282191634,1.346475288271904,0.0001,0.0003,0.0001,0.0003,,256,3,4,4,1,128,1,0.99,0.95,0.2,0.01,1,models\best_u2_t20_seed0.pth,0.299359800061211,0.2845125999301672,0.5839821000117809,0.001271400018595159,0.14489870006218553,0.12423459999263287
PPO_full_u2_t20_seed0_20260521_211450,PPO,full,u2_t20,2,20,0,57,2026-05-21 21:15:34,44.46169240004383,-0.9899928780011531,0.032885386688489684,1601.5177217887272,1518.3353060541526,53.198897426239846,1.0,8,8,0,,,1238.2104254666656,30,,MinBattery_NearestTask,1235.4772701211982,1648.142715048298,-0.04210715787485242,0.0018311122548766434,1.2576621770858765,0.0001,0.0003,0.0001,0.0003,,256,3,4,4,1,128,1,0.99,0.95,0.2,0.01,1,models\best_u2_t20_seed0.pth,0.31549980002455413,0.2937885000137612,0.6093808999285102,0.0014281000476330519,0.1470210001571104,0.123197199893184
PPO_full_u2_t20_seed0_20260521_211450,PPO,full,u2_t20,2,20,0,58,2026-05-21 21:15:35,45.11356279999018,-1.0100844076503952,0.054756257842967344,1634.01991600256,1467.9735908619716,88.5795436138916,1.0,8,8,0,,,1238.2104254666656,30,,MinBattery_NearestTask,1235.4772701211982,1648.142715048298,0.02846223791129887,0.0022549358109245077,1.3215238451957703,0.0001,0.0003,0.0001,0.0003,,256,3,4,4,1,128,1,0.99,0.95,0.2,0.01,1,models\best_u2_t20_seed0.pth,0.2940362000372261,0.29675009998027235,0.5908927000127733,0.0012342000845819712,0.1496911997674033,0.1300353999249637
PPO_full_u2_t20_seed0_20260521_211450,PPO,full,u2_t20,2,20,0,59,2026-05-21 21:15:35,45.78024049999658,-1.0054632180067808,0.04275894459145883,1626.5441883741578,1526.4339246131888,69.17141431003697,1.0,8,8,0,,,1238.2104254666656,30,,MinBattery_NearestTask,1235.4772701211982,1648.142715048298,-0.019156641443260014,0.0024831793416524306,1.2447913885116577,0.0001,0.0003,0.0001,0.0003,,256,3,4,4,1,128,1,0.99,0.95,0.2,0.01,1,models\best_u2_t20_seed0.pth,0.3209577000234276,0.2807907999958843,0.6018275000387803,0.001487799920141697,0.14231810031924397,0.13470300007611513
PPO_full_u2_t20_seed0_20260521_211450,PPO,full,u2_t20,2,20,0,60,2026-05-21 21:15:36,46.64920840004925,-0.9660328865666514,0.08844494593578775,1562.7574925497693,1201.0332380393527,143.07794678765845,1.0,8,8,0,1623.6369901279127,1,1238.2104254666656,30,31.41779532444467,MinBattery_NearestTask,1235.4772701211982,1648.142715048298,-0.03264072199817747,0.0033206810476258397,1.2360985428094864,0.0001,0.0003,0.0001,0.0003,,256,3,4,4,1,128,1,0.99,0.95,0.2,0.01,1,models\best_u2_t20_seed0.pth,0.31402429996524006,0.2727392000379041,0.8013203999726102,0.0011888999724760652,0.14214480004739016,0.1256246998673305
PPO_full_u2_t20_seed0_20260521_211450,PPO,full,u2_t20,2,20,0,61,2026-05-21 21:15:37,47.341838799999095,-0.9886903890375698,0.021336938836300032,1599.4106771786442,1543.6352705058648,34.516900509477004,1.0,8,8,0,,,1238.2104254666656,30,,MinBattery_NearestTask,1235.4772701211982,1648.142715048298,0.025896625127643347,0.002081994360196404,1.2165181189775467,0.0001,0.0003,0.0001,0.0003,,256,3,4,4,1,128,1,0.99,0.95,0.2,0.01,1,models\best_u2_t20_seed0.pth,0.314143699943088,0.3091198999900371,0.6233768999809399,0.0014244000194594264,0.15329969977028668,0.13948109990451485
PPO_full_u2_t20_seed0_20260521_211450,PPO,full,u2_t20,2,20,0,62,2026-05-21 21:15:38,48.04843670001719,-0.9939543753567288,0.04518943308970503,1607.9262610426492,1532.1941601419326,73.10323088068135,1.0,8,8,0,,,1238.2104254666656,30,,MinBattery_NearestTask,1235.4772701211982,1648.142715048298,-0.006066294270567596,0.002057600053376518,1.337245300412178,0.0001,0.0003,0.0001,0.0003,,256,3,4,4,1,128,1,0.99,0.95,0.2,0.01,1,models\best_u2_t20_seed0.pth,0.34231580002233386,0.2997971000149846,0.6422064000507817,0.0014443000545725226,0.14790939982049167,0.12944529997184873
PPO_full_u2_t20_seed0_20260521_211450,PPO,full,u2_t20,2,20,0,63,2026-05-21 21:15:38,48.70893080008682,-0.9848903780772433,0.13349583621590866,1593.2633754846747,1219.4741841681425,215.95705609160362,1.0,8,8,0,,,1238.2104254666656,30,,MinBattery_NearestTask,1235.4772701211982,1648.142715048298,0.058506961446255445,0.00449885954731144,1.3213774412870407,0.0001,0.0003,0.0001,0.0003,,256,3,4,4,1,128,1,0.99,0.95,0.2,0.01,1,models\best_u2_t20_seed0.pth,0.29564349993597716,0.2995620999718085,0.5953205999685451,0.0011874999618157744,0.14595989999361336,0.13631969993002713
PPO_full_u2_t20_seed0_20260521_211450,PPO,full,u2_t20,2,20,0,64,2026-05-21 21:15:39,49.32988269999623,-1.0203173104464702,0.04044750215452711,1650.5737473860183,1505.6278019438575,65.43217930350342,1.0,8,8,0,,,1238.2104254666656,30,,MinBattery_NearestTask,1235.4772701211982,1648.142715048298,-0.0003272176254540682,0.002064847809378989,1.3428084999322891,0.0001,0.0003,0.0001,0.0003,,256,3,4,4,1,128,1,0.99,0.95,0.2,0.01,1,models\best_u2_t20_seed0.pth,0.2800911999074742,0.27548519999254495,0.5556736999424174,0.0015514000551775098,0.14557850011624396,0.1255116000538692
PPO_full_u2_t20_seed0_20260521_211450,PPO,full,u2_t20,2,20,0,65,2026-05-21 21:15:39,49.9864280000329,-0.9682151120286588,0.09182040206747186,1566.2876924411055,1208.7516179731463,148.53844345802574,1.0,8,8,0,,,1238.2104254666656,30,,MinBattery_NearestTask,1235.4772701211982,1648.142715048298,0.002873340039514005,0.0032659836288075894,1.3255836367607117,0.0001,0.0003,0.0001,0.0003,,256,3,4,4,1,128,1,0.99,0.95,0.2,0.01,1,models\best_u2_t20_seed0.pth,0.30063830001745373,0.28074149996973574,0.5814815999474376,0.0012423999141901731,0.14746830007061362,0.12859379989095032
PPO_full_u2_t20_seed0_20260521_211450,PPO,full,u2_t20,2,20,0,66,2026-05-21 21:15:40,50.68225220008753,-0.9372369072945462,0.11901794440110021,1516.174055289442,1165.6861269279657,192.5360792029914,1.0,8,8,0,,,1238.2104254666656,30,,MinBattery_NearestTask,1235.4772701211982,1648.142715048298,-0.0021104252664372325,0.004059103375766426,1.3765073418617249,0.0001,0.0003,0.0001,0.0003,,256,3,4,4,1,128,1,0.99,0.95,0.2,0.01,1,models\best_u2_t20_seed0.pth,0.3008677000179887,0.3304603999713436,0.6314245000248775,0.0021776999346911907,0.16131389990914613,0.15158950013574213
PPO_full_u2_t20_seed0_20260521_211450,PPO,full,u2_t20,2,20,0,67,2026-05-21 21:15:41,51.32594260002952,-0.9255294258334911,0.09437943023045953,1497.2347887007274,1232.6774498156356,152.67819945491328,1.0,8,8,0,,,1238.2104254666656,30,,MinBattery_NearestTask,1235.4772701211982,1648.142715048298,0.019785458338446915,0.0032886400003917515,1.191887155175209,0.0001,0.0003,0.0001,0.0003,,256,3,4,4,1,128,1,0.99,0.95,0.2,0.01,1,models\best_u2_t20_seed0.pth,0.30121830001007766,0.277868700097315,0.5791957000037655,0.001442600041627884,0.14579010021407157,0.1268482997547835
PPO_full_u2_t20_seed0_20260521_211450,PPO,full,u2_t20,2,20,0,68,2026-05-21 21:15:42,51.99833109998144,-0.9777972277494806,0.02754641247294175,1581.788741468964,1508.3636400085966,44.56200516936127,1.0,8,8,0,,,1238.2104254666656,30,,MinBattery_NearestTask,1235.4772701211982,1648.142715048298,-0.03646042291074991,0.0018920482834801078,1.2636116743087769,0.0001,0.0003,0.0001,0.0003,,256,3,4,4,1,128,1,0.99,0.95,0.2,0.01,1,models\best_u2_t20_seed0.pth,0.30639859999064356,0.2912095000501722,0.5977095999987796,0.0014442000538110733,0.15244460001122206,0.13439469982404262
PPO_full_u2_t20_seed0_20260521_211450,PPO,full,u2_t20,2,20,0,69,2026-05-21 21:15:42,52.67697060003411,-0.909353104409767,0.09388132632643977,1471.066251523216,1200.7654918310307,151.87241362826123,1.0,8,8,0,,,1238.2104254666656,30,,MinBattery_NearestTask,1235.4772701211982,1648.142715048298,-0.0031969838310033083,0.0037784459709655493,1.2427439093589783,0.0001,0.0003,0.0001,0.0003,,256,3,4,4,1,128,1,0.99,0.95,0.2,0.01,1,models\best_u2_t20_seed0.pth,0.3268540999852121,0.2850715999957174,0.6120301999617368,0.001200400060042739,0.1465287997853011,0.13352879986632615
