run_id,algorithm,variant,instance_id,n_usvs,n_tasks,seed,epoch,timestamp,elapsed_sec,train_reward_avg,train_reward_std,train_makespan_avg,train_makespan_min,train_makespan_std,success_rate,n_trajectories,n_success,n_failed,eval_makespan,eval_success,best_eval_makespan,best_eval_epoch,gap_to_best_rule_percent,best_rule_name,best_rule_makespan,random_makespan,actor_loss,critic_loss,entropy,lr_actor_encoder,lr_actor,lr_critic_encoder,lr_critic,lr_shared_encoder,hidden_dim,hgnn_layers,n_heads,ppo_epochs,vectorized_update,update_batch_size,update_micro_batch_size,max_update_pairs,update_shuffle,gamma,gae_lambda,clip_epsilon,entropy_coef,reward_normalization,best_model_path,rollout_time_sec,update_time_sec,epoch_time_sec,batch_prepare_time_sec,actor_update_time_sec,critic_update_time_sec,effective_update_batch_size,effective_update_micro_batch_size,pairs_per_state,protocol,visit_index,steps_collected,rollout_time_per_decision_ms,eval_steps,eval_solve_time_sec,eval_time_per_decision_ms,exploration_epsilon
REINFORCE_baseline_public25_seed0_20260807_133256,REINFORCE,baseline,u2_t20,2,20,0,1,2026-08-07 13:33:00,3.715587000013329,,,1793.9328598737598,1637.6548196801305,169.94916397966904,1.0,8,8,0,1824.9674398427821,1,1824.9674398427821,1,47.71355847475493,MinBattery_NearestTask,1235.4772701211982,1648.142715048298,-0.5284532308578491,,1.768449068069458,,,,,,256,3,4,,,,,,,0.99,,,0.01,,models\best_REINFORCE_u2_t20_seed0.pth,,,3.706344700010959,,,,,,,round_robin,1,160,,20,0.11615389998769388,5.807694999384694,
REINFORCE_baseline_public25_seed0_20260807_133256,REINFORCE,baseline,u2_t40,2,40,0,2,2026-08-07 13:33:06,9.942772699985653,,,3154.7321285249286,2978.840120215907,222.35914789389147,1.0,8,8,0,2350.1119430607437,1,2350.1119430607437,2,31.298250758909145,MinBattery_NearestTask,1789.903467469675,2985.7040913621695,-0.5208295583724976,,2.1868975162506104,,,,,,256,3,4,,,,,,,0.99,,,0.01,,models\best_REINFORCE_u2_t40_seed0.pth,,,6.208882500010077,,,,,,,round_robin,1,320,,40,0.2641227999702096,6.60306999925524,
REINFORCE_baseline_public25_seed0_20260807_133256,REINFORCE,baseline,u2_t60,2,60,0,3,2026-08-07 13:33:18,21.246177099994384,,,4608.680653637248,4382.350772841745,248.7052176398149,1.0,8,8,0,3170.6311702805724,1,3170.6311702805724,3,27.27290955399328,MinBattery_NearestTask,2491.2066372895233,4452.979979969232,-0.41664355993270874,,2.4794530868530273,,,,,,256,3,4,,,,,,,0.99,,,0.01,,models\best_REINFORCE_u2_t60_seed0.pth,,,11.286711900029331,,,,,,,round_robin,1,480,,60,0.38827469997340813,6.471244999556802,
REINFORCE_baseline_public25_seed0_20260807_133256,REINFORCE,baseline,u2_t80,2,80,0,4,2026-08-07 13:33:31,34.79502090002643,,,5421.299216784131,5087.330666093177,248.8972132271032,1.0,8,8,0,3252.9830483209266,1,3252.9830483209266,4,27.513964511388966,MinBattery_NearestTask,2551.0798450866023,5725.724036335487,-0.13820607960224152,,2.7608773708343506,,,,,,256,3,4,,,,,,,0.99,,,0.01,,models\best_REINFORCE_u2_t80_seed0.pth,,,13.532273299992085,,,,,,,round_robin,1,640,,80,0.6029106000205502,7.536382500256877,
REINFORCE_baseline_public25_seed0_20260807_133256,REINFORCE,baseline,u2_t100,2,100,0,5,2026-08-07 13:33:50,52.99667119997321,,,7048.422673325046,6791.865253195068,239.35190165372816,1.0,8,8,0,3914.5411724202113,1,3914.5411724202113,5,19.481806649983195,MinBattery_NearestTask,3276.265468505754,6667.618839462179,0.358157753944397,,3.018714427947998,,,,,,256,3,4,,,,,,,0.99,,,0.01,,models\best_REINFORCE_u2_t100_seed0.pth,,,18.184419800003525,,,,,,,round_robin,1,800,,100,0.8663785999524407,8.663785999524407,
REINFORCE_baseline_public25_seed0_20260807_133256,REINFORCE,baseline,u4_t20,4,20,0,6,2026-08-07 13:33:52,55.94312369998079,,,1114.9272900183166,987.9959441368003,67.34153751061999,1.0,8,8,0,945.2263577805687,1,945.2263577805687,6,48.89645306681209,MinBattery_NearestTask,634.8212723082338,1116.781447019792,-0.6021384000778198,,2.092257022857666,,,,,,256,3,4,,,,,,,0.99,,,0.01,,models\best_REINFORCE_u4_t20_seed0.pth,,,2.9280406000325456,,,,,,,round_robin,1,160,,20,0.1321839999873191,6.609199999365956,
REINFORCE_baseline_public25_seed0_20260807_133256,REINFORCE,baseline,u4_t40,4,40,0,7,2026-08-07 13:33:59,62.33881069999188,,,1769.5893537590373,1684.1408086245087,52.128617924972595,1.0,8,8,0,1286.2983485157724,1,1286.2983485157724,7,6.47198081801907,MinBattery_NearestTask,1208.1097192267905,1809.9456757002988,-0.5726330280303955,,2.4455227851867676,,,,,,256,3,4,,,,,,,0.99,,,0.01,,models\best_REINFORCE_u4_t40_seed0.pth,,,6.374347599979956,,,,,,,round_robin,1,320,,40,0.2505644999910146,6.264112499775365,
REINFORCE_baseline_public25_seed0_20260807_133256,REINFORCE,baseline,u4_t60,4,60,0,8,2026-08-07 13:34:09,72.1885111000156,,,2370.5873239916796,2293.7625219347574,55.537450251090306,1.0,8,8,0,1806.5079979530447,1,1806.5079979530447,8,5.751700358674321,MinBattery_NearestTask,1708.2543276618485,2452.0766097704714,-0.2963959276676178,,2.595839500427246,,,,,,256,3,4,,,,,,,0.99,,,0.01,,models\best_REINFORCE_u4_t60_seed0.pth,,,9.833089400024619,,,,,,,round_robin,1,480,,60,0.508544999989681,8.475749999828015,
REINFORCE_baseline_public25_seed0_20260807_133256,REINFORCE,baseline,u4_t80,4,80,0,9,2026-08-07 13:34:22,85.73778780002613,,,3055.675309795334,3009.954928351467,22.02301631968191,1.0,8,8,0,1907.8323990572944,1,1907.8323990572944,9,3.5484766030064723,MinBattery_NearestTask,1842.4533722226693,3001.7744400044194,0.3729715645313263,,2.8694827556610107,,,,,,256,3,4,,,,,,,0.99,,,0.01,,models\best_REINFORCE_u4_t80_seed0.pth,,,13.532273599994369,,,,,,,round_robin,1,640,,80,0.6449743999983184,8.06217999997898,
REINFORCE_baseline_public25_seed0_20260807_133256,REINFORCE,baseline,u4_t100,4,100,0,10,2026-08-07 13:34:39,102.5757446999778,,,3729.1999225297686,3350.770911663509,152.45903135026808,1.0,8,8,0,2632.29075366947,1,2632.29075366947,10,34.2568056441956,MinBattery_NearestTask,1960.6385993165281,3788.7440276745037,0.5881533026695251,,3.073472738265991,,,,,,256,3,4,,,,,,,0.99,,,0.01,,models\best_REINFORCE_u4_t100_seed0.pth,,,16.82080579997273,,,,,,,round_robin,1,800,,100,1.2725646999897435,12.725646999897435,
REINFORCE_baseline_public25_seed0_20260807_133256,REINFORCE,baseline,u6_t20,6,20,0,11,2026-08-07 13:34:43,106.07577559998026,,,813.2716040336317,556.5464113922837,152.29812012613843,1.0,8,8,0,816.6445867589451,1,816.6445867589451,11,51.45841935082094,MinBattery_NearestTask,539.1873163996008,875.8432185926702,-0.2768392264842987,,2.315138578414917,,,,,,256,3,4,,,,,,,0.99,,,0.01,,models\best_REINFORCE_u6_t20_seed0.pth,,,3.4822057000128552,,,,,,,round_robin,1,160,,20,0.19260629999917,9.6303149999585,
REINFORCE_baseline_public25_seed0_20260807_133256,REINFORCE,baseline,u6_t40,6,40,0,12,2026-08-07 13:34:49,112.97809540003072,,,1253.129570954339,1152.7562279782628,126.1534209358174,1.0,8,8,0,1210.6634740293073,1,1210.6634740293073,12,19.4799446948109,MinBattery_NearestTask,1013.277564801122,1210.81064814677,-0.3381110429763794,,2.58284068107605,,,,,,256,3,4,,,,,,,0.99,,,0.01,,models\best_REINFORCE_u6_t40_seed0.pth,,,6.883410300011747,,,,,,,round_robin,1,320,,40,0.2991676999954507,7.479192499886267,
REINFORCE_baseline_public25_seed0_20260807_133256,REINFORCE,baseline,u6_t60,6,60,0,13,2026-08-07 13:35:00,123.56592289998662,,,1765.430176320878,1743.3188754467967,16.909540746072285,1.0,8,8,0,1308.3718510522506,1,1308.3718510522506,13,8.628398242410865,MinBattery_NearestTask,1204.447338100797,1781.770307254355,0.18442367017269135,,2.83371901512146,,,,,,256,3,4,,,,,,,0.99,,,0.01,,models\best_REINFORCE_u6_t60_seed0.pth,,,10.56201430002693,,,,,,,round_robin,1,480,,60,0.7106956000206992,11.844926667011652,
REINFORCE_baseline_public25_seed0_20260807_133256,REINFORCE,baseline,u6_t80,6,80,0,14,2026-08-07 13:35:14,137.45946230000118,,,2089.7749511654347,1952.877085702912,179.17838752985753,1.0,8,8,0,1784.4106927448777,1,1784.4106927448777,14,39.13649030565705,MinBattery_NearestTask,1282.4893662509803,1990.1034262302112,0.19614678621292114,,3.0166759490966797,,,,,,256,3,4,,,,,,,0.99,,,0.01,,models\best_REINFORCE_u6_t80_seed0.pth,,,13.873403800011147,,,,,,,round_robin,1,640,,80,1.1093519999994896,13.86689999999362,
REINFORCE_baseline_public25_seed0_20260807_133256,REINFORCE,baseline,u6_t100,6,100,0,15,2026-08-07 13:35:33,156.31735169998137,,,2522.557351083031,2397.4630427810994,49.94760075928879,1.0,8,8,0,1828.1695670298748,1,1828.1695670298748,15,44.81327361570921,MinBattery_NearestTask,1262.4323181045447,2588.8953280469614,0.8755030035972595,,3.111539840698242,,,,,,256,3,4,,,,,,,0.99,,,0.01,,models\best_REINFORCE_u6_t100_seed0.pth,,,18.8398404000327,,,,,,,round_robin,1,800,,100,1.2482709999894723,12.482709999894723,
REINFORCE_baseline_public25_seed0_20260807_133256,REINFORCE,baseline,u8_t20,8,20,0,16,2026-08-07 13:35:37,160.25221760000568,,,579.6711631245182,525.5578974722082,24.71805844354758,1.0,8,8,0,567.8193811747653,1,567.8193811747653,16,-1.0016386314102748,MinBattery_NearestTask,573.5644240217935,594.6205530170921,-0.7197193503379822,,2.618858575820923,,,,,,256,3,4,,,,,,,0.99,,,0.01,,models\best_REINFORCE_u8_t20_seed0.pth,,,3.917477399983909,,,,,,,round_robin,1,160,,20,0.17507340002339333,8.753670001169667,
REINFORCE_baseline_public25_seed0_20260807_133256,REINFORCE,baseline,u8_t40,8,40,0,17,2026-08-07 13:35:44,167.94825229997514,,,1154.9635926254662,1064.6043691534774,47.40181486490792,1.0,8,8,0,1042.2838309685283,1,1042.2838309685283,17,58.30822949522023,MinBattery_NearestTask,658.3889127507409,1218.711334656825,-0.3433409035205841,,2.7596213817596436,,,,,,256,3,4,,,,,,,0.99,,,0.01,,models\best_REINFORCE_u8_t40_seed0.pth,,,7.6726461999933235,,,,,,,round_robin,1,320,,40,0.44236059999093413,11.059014999773353,
REINFORCE_baseline_public25_seed0_20260807_133256,REINFORCE,baseline,u8_t60,8,60,0,18,2026-08-07 13:35:55,178.1405202000169,,,1591.4348668050911,1230.179764891445,149.106400252271,1.0,8,8,0,1228.907943008526,1,1228.907943008526,18,12.32090701984047,MinBattery_NearestTask,1094.1043618811327,1248.589806791493,0.12239762395620346,,2.9451215267181396,,,,,,256,3,4,,,,,,,0.99,,,0.01,,models\best_REINFORCE_u8_t60_seed0.pth,,,10.17175059998408,,,,,,,round_robin,1,480,,60,0.5277951000025496,8.796585000042493,
REINFORCE_baseline_public25_seed0_20260807_133256,REINFORCE,baseline,u8_t80,8,80,0,19,2026-08-07 13:36:11,194.12040830001934,,,1734.7906215074563,1660.0533464001123,36.401474053085934,1.0,8,8,0,1554.6319312461987,1,1554.6319312461987,19,44.62976647929452,MinBattery_NearestTask,1074.904543573859,1790.9534363892533,0.6621756553649902,,2.971337080001831,,,,,,256,3,4,,,,,,,0.99,,,0.01,,models\best_REINFORCE_u8_t80_seed0.pth,,,15.960738499998115,,,,,,,round_robin,1,640,,80,0.9835245999856852,12.294057499821065,
REINFORCE_baseline_public25_seed0_20260807_133256,REINFORCE,baseline,u8_t100,8,100,0,20,2026-08-07 13:36:31,214.2791119000176,,,2205.351589437988,2136.347760322621,36.629445633289365,1.0,8,8,0,1779.7634321192158,1,1779.7634321192158,20,55.01266238467747,MinBattery_NearestTask,1148.1406775032206,2192.764389417016,1.0945929288864136,,3.1360249519348145,,,,,,256,3,4,,,,,,,0.99,,,0.01,,models\best_REINFORCE_u8_t100_seed0.pth,,,20.13894849998178,,,,,,,round_robin,1,800,,100,1.378822400001809,13.78822400001809,
REINFORCE_baseline_public25_seed0_20260807_133256,REINFORCE,baseline,u10_t20,10,20,0,21,2026-08-07 13:36:34,217.94375640002545,,,554.6409361961851,511.0513509792871,16.73517756675146,1.0,8,8,0,561.853456124911,1,561.853456124911,21,9.428732681740005,MinBattery_NearestTask,513.442349514357,559.9277735462435,-0.7936943769454956,,2.824026107788086,,,,,,256,3,4,,,,,,,0.99,,,0.01,,models\best_REINFORCE_u10_t20_seed0.pth,,,3.6472910000011325,,,,,,,round_robin,1,160,,20,0.20803680003155023,10.401840001577511,
REINFORCE_baseline_public25_seed0_20260807_133256,REINFORCE,baseline,u10_t40,10,40,0,22,2026-08-07 13:36:41,224.5448949999991,,,891.0217089564053,635.846229032512,192.7840814172327,1.0,8,8,0,647.2506756085013,1,647.2506756085013,22,3.153159648680119,MinBattery_NearestTask,627.4656809475473,957.3671098819304,0.03398178517818451,,2.988687753677368,,,,,,256,3,4,,,,,,,0.99,,,0.01,,models\best_REINFORCE_u10_t40_seed0.pth,,,6.573805299995001,,,,,,,round_robin,1,320,,40,0.3527616999926977,8.819042499817442,
REINFORCE_baseline_public25_seed0_20260807_133256,REINFORCE,baseline,u10_t60,10,60,0,23,2026-08-07 13:36:53,236.05744210002013,,,1241.9874708723303,1190.7738845440763,32.494299799227946,1.0,8,8,0,1230.5644208262333,1,1230.5644208262333,23,83.12149363841877,MinBattery_NearestTask,671.9934380046263,1193.9764350817031,0.2859501838684082,,3.082724094390869,,,,,,256,3,4,,,,,,,0.99,,,0.01,,models\best_REINFORCE_u10_t60_seed0.pth,,,11.489559800014831,,,,,,,round_robin,1,480,,60,0.898867700016126,14.9811283336021,
REINFORCE_baseline_public25_seed0_20260807_133256,REINFORCE,baseline,u10_t80,10,80,0,24,2026-08-07 13:37:09,252.91037300002063,,,1322.215288919731,1295.5691869988138,13.003778644266719,1.0,8,8,0,1256.2858962310388,1,1256.2858962310388,24,10.48887434337375,MinBattery_NearestTask,1137.024794303537,1357.6824276116938,0.4476311504840851,,3.2596957683563232,,,,,,256,3,4,,,,,,,0.99,,,0.01,,models\best_REINFORCE_u10_t80_seed0.pth,,,16.83461449999595,,,,,,,round_robin,1,640,,80,0.8901498999912292,11.126873749890365,
REINFORCE_baseline_public25_seed0_20260807_133256,REINFORCE,baseline,u10_t100,10,100,0,25,2026-08-07 13:37:31,274.0931763999979,,,1777.0891349121632,1741.4358070998176,29.625364115759563,1.0,8,8,0,1315.3534319510786,1,1315.3534319510786,25,10.80288268395484,MinBattery_NearestTask,1187.1112015225146,1816.9612465912573,1.1643089056015015,,3.3482089042663574,,,,,,256,3,4,,,,,,,0.99,,,0.01,,models\best_REINFORCE_u10_t100_seed0.pth,,,21.16260839998722,,,,,,,round_robin,1,800,,100,1.3486875999951735,13.486875999951735,
REINFORCE_baseline_public25_seed0_20260807_133256,REINFORCE,baseline,u2_t20,2,20,0,26,2026-08-07 13:37:33,276.99033489997964,,,1798.833608660374,1682.3963277634768,128.22156516244982,1.0,8,8,0,1795.157460154582,1,1795.157460154582,26,45.30072738436378,MinBattery_NearestTask,1235.4772701211982,1648.142715048298,-0.6506723761558533,,1.7802670001983643,,,,,,256,3,4,,,,,,,0.99,,,0.01,,models\best_REINFORCE_u2_t20_seed0.pth,,,2.8771399999968708,,,,,,,round_robin,2,160,,20,0.1285811999696307,6.429059998481534,
REINFORCE_baseline_public25_seed0_20260807_133256,REINFORCE,baseline,u2_t40,2,40,0,27,2026-08-07 13:37:40,283.088153299992,,,3173.4288917007293,3009.1953380235545,174.03874960671936,1.0,8,8,0,2464.549068410353,1,2350.1119430607437,2,37.69173104594301,MinBattery_NearestTask,1789.903467469675,2985.7040913621695,-0.6095447540283203,,2.2156293392181396,,,,,,256,3,4,,,,,,,0.99,,,0.01,,models\best_REINFORCE_u2_t40_seed0.pth,,,6.0769773999927565,,,,,,,round_robin,2,320,,40,0.24450159998377785,6.112539999594446,
REINFORCE_baseline_public25_seed0_20260807_133256,REINFORCE,baseline,u2_t60,2,60,0,28,2026-08-07 13:37:49,292.6811260000104,,,4720.268848122431,4351.569741285709,308.53947051514865,1.0,8,8,0,2588.7446471043568,1,2588.7446471043568,28,3.915291825047341,MinBattery_NearestTask,2491.2066372895233,4452.979979969232,-0.37319710850715637,,2.53019118309021,,,,,,256,3,4,,,,,,,0.99,,,0.01,,models\best_REINFORCE_u2_t60_seed0.pth,,,9.571124699956272,,,,,,,round_robin,2,480,,60,0.46465470001567155,7.744245000261192,
REINFORCE_baseline_public25_seed0_20260807_133256,REINFORCE,baseline,u2_t80,2,80,0,29,2026-08-07 13:38:02,305.0856332000112,,,5447.55663761528,5169.626881060476,162.92735335599613,1.0,8,8,0,3143.0432671726317,1,3143.0432671726317,29,23.204425499505827,MinBattery_NearestTask,2551.0798450866023,5725.724036335487,-0.0720546618103981,,2.7459309101104736,,,,,,256,3,4,,,,,,,0.99,,,0.01,,models\best_REINFORCE_u2_t80_seed0.pth,,,12.3838015999645,,,,,,,round_robin,2,640,,80,0.6498034000396729,8.12254250049591,
REINFORCE_baseline_public25_seed0_20260807_133256,REINFORCE,baseline,u2_t100,2,100,0,30,2026-08-07 13:38:19,322.00293229997624,,,6997.847839149117,6652.1044349091635,291.4881103292012,1.0,8,8,0,3999.8741452122563,1,3914.5411724202113,5,22.08638718878074,MinBattery_NearestTask,3276.265468505754,6667.618839462179,0.3764152228832245,,2.986478805541992,,,,,,256,3,4,,,,,,,0.99,,,0.01,,models\best_REINFORCE_u2_t100_seed0.pth,,,16.89655639999546,,,,,,,round_robin,2,800,,100,0.9543095999979414,9.543095999979414,
REINFORCE_baseline_public25_seed0_20260807_133256,REINFORCE,baseline,u4_t20,4,20,0,31,2026-08-07 13:38:21,324.5469071000116,,,1142.0763984792156,1041.6442221105171,48.67306166379177,1.0,8,8,0,967.8906074347773,1,945.2263577805687,6,52.46663110634131,MinBattery_NearestTask,634.8212723082338,1116.781447019792,-0.7426561117172241,,2.060210943222046,,,,,,256,3,4,,,,,,,0.99,,,0.01,,models\best_REINFORCE_u4_t20_seed0.pth,,,2.5156426000175998,,,,,,,round_robin,2,160,,20,0.1112489000079222,5.56244500039611,
REINFORCE_baseline_public25_seed0_20260807_133256,REINFORCE,baseline,u4_t40,4,40,0,32,2026-08-07 13:38:27,330.3920322000049,,,1805.1169351558137,1746.6134561715032,42.480920031394525,1.0,8,8,0,1626.5662003275443,1,1286.2983485157724,7,34.637291169925575,MinBattery_NearestTask,1208.1097192267905,1809.9456757002988,-0.5697731375694275,,2.4456381797790527,,,,,,256,3,4,,,,,,,0.99,,,0.01,,models\best_REINFORCE_u4_t40_seed0.pth,,,5.825841900019441,,,,,,,round_robin,2,320,,40,0.3228878999943845,8.072197499859612,
REINFORCE_baseline_public25_seed0_20260807_133256,REINFORCE,baseline,u4_t60,4,60,0,33,2026-08-07 13:38:36,338.9964680999983,,,2512.442305393734,2284.500168562293,216.4956692021739,1.0,8,8,0,2145.191268984885,1,1806.5079979530447,8,25.577979475754553,MinBattery_NearestTask,1708.2543276618485,2452.0766097704714,-0.23944620788097382,,2.692356824874878,,,,,,256,3,4,,,,,,,0.99,,,0.01,,models\best_REINFORCE_u4_t60_seed0.pth,,,8.583628399996087,,,,,,,round_robin,2,480,,60,0.4330468999687582,7.217448332812637,
REINFORCE_baseline_public25_seed0_20260807_133256,REINFORCE,baseline,u4_t80,4,80,0,34,2026-08-07 13:38:47,350.88423099997453,,,3032.843077352958,2949.488271793535,48.213842946103966,1.0,8,8,0,2414.5809625605025,1,1907.8323990572944,9,31.05248680717706,MinBattery_NearestTask,1842.4533722226693,3001.7744400044194,0.3017202913761139,,2.886742115020752,,,,,,256,3,4,,,,,,,0.99,,,0.01,,models\best_REINFORCE_u4_t80_seed0.pth,,,11.867542599968147,,,,,,,round_robin,2,640,,80,0.6472938000224531,8.091172500280663,
REINFORCE_baseline_public25_seed0_20260807_133256,REINFORCE,baseline,u4_t100,4,100,0,35,2026-08-07 13:39:04,367.7769217999885,,,3810.917231634788,3631.037042263155,99.05079518963461,1.0,8,8,0,2628.863694211382,1,2628.863694211382,35,34.08201262220355,MinBattery_NearestTask,1960.6385993165281,3788.7440276745037,0.7727854251861572,,3.0481340885162354,,,,,,256,3,4,,,,,,,0.99,,,0.01,,models\best_REINFORCE_u4_t100_seed0.pth,,,16.87027339998167,,,,,,,round_robin,2,800,,100,1.787609999999404,17.87609999999404,
REINFORCE_baseline_public25_seed0_20260807_133256,REINFORCE,baseline,u6_t20,6,20,0,36,2026-08-07 13:39:07,370.46456240001135,,,767.0324247190242,552.2112091524459,159.9028527903028,1.0,8,8,0,921.2962827507884,1,816.6445867589451,11,70.86757324016875,MinBattery_NearestTask,539.1873163996008,875.8432185926702,-0.23008273541927338,,2.3481757640838623,,,,,,256,3,4,,,,,,,0.99,,,0.01,,models\best_REINFORCE_u6_t20_seed0.pth,,,2.6627704999991693,,,,,,,round_robin,2,160,,20,0.16016269999090582,8.008134999545291,
REINFORCE_baseline_public25_seed0_20260807_133256,REINFORCE,baseline,u6_t40,6,40,0,37,2026-08-07 13:39:14,377.9253112000297,,,1267.8379187244227,1144.2053943316384,134.7182071838279,1.0,8,8,0,1210.8145611496084,1,1210.6634740293073,12,19.4948554286068,MinBattery_NearestTask,1013.277564801122,1210.81064814677,-0.34902119636535645,,2.5918490886688232,,,,,,256,3,4,,,,,,,0.99,,,0.01,,models\best_REINFORCE_u6_t40_seed0.pth,,,7.43984000000637,,,,,,,round_robin,2,320,,40,0.33820150000974536,8.455037500243634,
REINFORCE_baseline_public25_seed0_20260807_133256,REINFORCE,baseline,u6_t60,6,60,0,38,2026-08-07 13:39:25,388.8127324000234,,,1759.4410161127048,1661.7700634781784,58.88006194960615,1.0,8,8,0,1279.1054592136966,1,1279.1054592136966,38,6.1985375990470795,MinBattery_NearestTask,1204.447338100797,1781.770307254355,0.1837785691022873,,2.856917142868042,,,,,,256,3,4,,,,,,,0.99,,,0.01,,models\best_REINFORCE_u6_t60_seed0.pth,,,10.868289599951822,,,,,,,round_robin,2,480,,60,0.5908034999738447,9.846724999564078,
REINFORCE_baseline_public25_seed0_20260807_133256,REINFORCE,baseline,u6_t80,6,80,0,39,2026-08-07 13:39:41,404.3710158999893,,,2198.496591999451,1914.18557786159,205.95127409064128,1.0,8,8,0,1335.9680928589678,1,1335.9680928589678,39,4.169915791529597,MinBattery_NearestTask,1282.4893662509803,1990.1034262302112,0.27469393610954285,,3.0551435947418213,,,,,,256,3,4,,,,,,,0.99,,,0.01,,models\best_REINFORCE_u6_t80_seed0.pth,,,15.537082499999087,,,,,,,round_robin,2,640,,80,1.318939800024964,16.48674750031205,
REINFORCE_baseline_public25_seed0_20260807_133256,REINFORCE,baseline,u6_t100,6,100,0,40,2026-08-07 13:39:59,422.50874720001593,,,2540.3588124176626,2488.7697123610437,35.83628205303825,1.0,8,8,0,1853.4070107018938,1,1828.1695670298748,15,46.812386226348906,MinBattery_NearestTask,1262.4323181045447,2588.8953280469614,0.9000552296638489,,3.0749309062957764,,,,,,256,3,4,,,,,,,0.99,,,0.01,,models\best_REINFORCE_u6_t100_seed0.pth,,,18.116068699979223,,,,,,,round_robin,2,800,,100,1.3952038999996148,13.952038999996148,
REINFORCE_baseline_public25_seed0_20260807_133256,REINFORCE,baseline,u8_t20,8,20,0,41,2026-08-07 13:40:02,425.6862510999781,,,576.2692930668395,537.6114996156301,25.435797940813515,1.0,8,8,0,594.7545950425215,1,567.8193811747653,16,3.6944709492517056,MinBattery_NearestTask,573.5644240217935,594.6205530170921,-0.7072802782058716,,2.6368446350097656,,,,,,256,3,4,,,,,,,0.99,,,0.01,,models\best_REINFORCE_u8_t20_seed0.pth,,,3.158350799989421,,,,,,,round_robin,2,160,,20,0.1240817999932915,6.204089999664575,
REINFORCE_baseline_public25_seed0_20260807_133256,REINFORCE,baseline,u8_t40,8,40,0,42,2026-08-07 13:40:10,433.15179179998813,,,1185.3096839235418,1047.0545593174536,67.07453300179417,1.0,8,8,0,1216.265058198337,1,1042.2838309685283,17,84.73352674132929,MinBattery_NearestTask,658.3889127507409,1218.711334656825,-0.18228447437286377,,2.7029693126678467,,,,,,256,3,4,,,,,,,0.99,,,0.01,,models\best_REINFORCE_u8_t40_seed0.pth,,,7.441470100020524,,,,,,,round_robin,2,320,,40,0.43487720005214214,10.871930001303554,
REINFORCE_baseline_public25_seed0_20260807_133256,REINFORCE,baseline,u8_t60,8,60,0,43,2026-08-07 13:40:22,445.95077380002476,,,1525.7603486308399,1229.001772394053,173.99194296433424,1.0,8,8,0,1248.1166617394163,1,1228.907943008526,18,14.0765639206012,MinBattery_NearestTask,1094.1043618811327,1248.589806791493,0.1706966608762741,,2.912234306335449,,,,,,256,3,4,,,,,,,0.99,,,0.01,,models\best_REINFORCE_u8_t60_seed0.pth,,,12.777866000018548,,,,,,,round_robin,2,480,,60,0.6336034999694675,10.560058332824457,
REINFORCE_baseline_public25_seed0_20260807_133256,REINFORCE,baseline,u8_t80,8,80,0,44,2026-08-07 13:40:37,460.3486360000097,,,1724.28229140871,1677.41925779838,32.55965269190678,1.0,8,8,0,1568.8186818142774,1,1554.6319312461987,19,45.949581401735,MinBattery_NearestTask,1074.904543573859,1790.9534363892533,0.5034101605415344,,3.044231414794922,,,,,,256,3,4,,,,,,,0.99,,,0.01,,models\best_REINFORCE_u8_t80_seed0.pth,,,14.378705999988597,,,,,,,round_robin,2,640,,80,1.1963956999825314,14.954946249781642,
REINFORCE_baseline_public25_seed0_20260807_133256,REINFORCE,baseline,u8_t100,8,100,0,45,2026-08-07 13:40:56,479.6404259999981,,,2219.813719271313,2154.964681762236,32.51349229449979,1.0,8,8,0,1730.9221861296935,1,1730.9221861296935,45,50.75871973230721,MinBattery_NearestTask,1148.1406775032206,2192.764389417016,1.1548582315444946,,3.103257894515991,,,,,,256,3,4,,,,,,,0.99,,,0.01,,models\best_REINFORCE_u8_t100_seed0.pth,,,19.27245970000513,,,,,,,round_robin,2,800,,100,1.5897632999694906,15.897632999694904,
REINFORCE_baseline_public25_seed0_20260807_133256,REINFORCE,baseline,u10_t20,10,20,0,46,2026-08-07 13:40:59,482.92152720002923,,,528.0992379268913,507.31104430112936,19.796901036257758,1.0,8,8,0,561.853456124911,1,561.853456124911,21,9.428732681740005,MinBattery_NearestTask,513.442349514357,559.9277735462435,-0.7068513631820679,,2.8061912059783936,,,,,,256,3,4,,,,,,,0.99,,,0.01,,models\best_REINFORCE_u10_t20_seed0.pth,,,3.2630492000025697,,,,,,,round_robin,2,160,,20,0.1777781000128016,8.88890500064008,
REINFORCE_baseline_public25_seed0_20260807_133256,REINFORCE,baseline,u10_t40,10,40,0,47,2026-08-07 13:41:07,490.02911559998756,,,1030.1500797118968,963.4571424904425,48.03347820244014,1.0,8,8,0,653.7067154652327,1,647.2506756085013,22,4.182066894568378,MinBattery_NearestTask,627.4656809475473,957.3671098819304,0.18748342990875244,,2.959124803543091,,,,,,256,3,4,,,,,,,0.99,,,0.01,,models\best_REINFORCE_u10_t40_seed0.pth,,,7.089526399970055,,,,,,,round_robin,2,320,,40,0.573463200009428,14.3365800002357,
REINFORCE_baseline_public25_seed0_20260807_133256,REINFORCE,baseline,u10_t60,10,60,0,48,2026-08-07 13:41:20,503.4549369000015,,,1224.293324450638,1178.258606472988,24.80020151636657,1.0,8,8,0,1065.716736458004,1,1065.716736458004,48,58.590348682938654,MinBattery_NearestTask,671.9934380046263,1193.9764350817031,0.27202096581459045,,3.0626797676086426,,,,,,256,3,4,,,,,,,0.99,,,0.01,,models\best_REINFORCE_u10_t60_seed0.pth,,,13.40476820000913,,,,,,,round_robin,2,480,,60,1.0244619000004604,17.074365000007674,
REINFORCE_baseline_public25_seed0_20260807_133256,REINFORCE,baseline,u10_t80,10,80,0,49,2026-08-07 13:41:37,520.3526531999814,,,1338.2606881330248,1322.904149148583,10.314112609585681,1.0,8,8,0,1279.2491115109651,1,1256.2858962310388,24,12.508462253415061,MinBattery_NearestTask,1137.024794303537,1357.6824276116938,0.41046619415283203,,3.257997989654541,,,,,,256,3,4,,,,,,,0.99,,,0.01,,models\best_REINFORCE_u10_t80_seed0.pth,,,16.877087700006086,,,,,,,round_robin,2,640,,80,1.1682426999905147,14.603033749881433,
REINFORCE_baseline_public25_seed0_20260807_133256,REINFORCE,baseline,u10_t100,10,100,0,50,2026-08-07 13:41:58,541.4254961999832,,,1756.8962509010046,1347.9398607083226,159.23121780195675,1.0,8,8,0,1311.1927148136374,1,1311.1927148136374,50,10.452391749988001,MinBattery_NearestTask,1187.1112015225146,1816.9612465912573,0.7642427086830139,,3.3724513053894043,,,,,,256,3,4,,,,,,,0.99,,,0.01,,models\best_REINFORCE_u10_t100_seed0.pth,,,21.055089299974497,,,,,,,round_robin,2,800,,100,1.5904879000154324,15.904879000154324,
REINFORCE_baseline_public25_seed0_20260807_133256,REINFORCE,baseline,u2_t20,2,20,0,51,2026-08-07 13:42:01,544.808786300011,,,1778.6037001920095,1661.849456353329,179.80315813699883,1.0,8,8,0,1616.7110643257959,1,1616.7110643257959,51,30.85720825662776,MinBattery_NearestTask,1235.4772701211982,1648.142715048298,-0.5552958846092224,,1.795484185218811,,,,,,256,3,4,,,,,,,0.99,,,0.01,,models\best_REINFORCE_u2_t20_seed0.pth,,,3.3580294999992475,,,,,,,round_robin,3,160,,20,0.13381620001746342,6.690810000873171,
REINFORCE_baseline_public25_seed0_20260807_133256,REINFORCE,baseline,u2_t40,2,40,0,52,2026-08-07 13:42:07,550.6442767999833,,,3182.7364729100927,3034.8743255015247,165.83556147958078,1.0,8,8,0,2458.128250687155,1,2350.1119430607437,2,37.3330067996419,MinBattery_NearestTask,1789.903467469675,2985.7040913621695,-0.5887990593910217,,2.187762975692749,,,,,,256,3,4,,,,,,,0.99,,,0.01,,models\best_REINFORCE_u2_t40_seed0.pth,,,5.815045900002588,,,,,,,round_robin,3,320,,40,0.5837190000456758,14.592975001141895,
REINFORCE_baseline_public25_seed0_20260807_133256,REINFORCE,baseline,u2_t60,2,60,0,53,2026-08-07 13:42:18,561.1085719999974,,,4699.784799388555,4446.799323751275,248.65611960120307,1.0,8,8,0,2558.6832951414017,1,2558.6832951414017,53,2.7085933716560007,MinBattery_NearestTask,2491.2066372895233,4452.979979969232,-0.43420693278312683,,2.524230718612671,,,,,,256,3,4,,,,,,,0.99,,,0.01,,models\best_REINFORCE_u2_t60_seed0.pth,,,10.441457899985835,,,,,,,round_robin,3,480,,60,0.48479120002593845,8.07985333376564,
REINFORCE_baseline_public25_seed0_20260807_133256,REINFORCE,baseline,u2_t80,2,80,0,54,2026-08-07 13:42:31,574.0854467999889,,,5205.029637197718,4965.647935632687,205.04257195535766,1.0,8,8,0,3767.920723883751,1,3143.0432671726317,29,47.699051095589695,MinBattery_NearestTask,2551.0798450866023,5725.724036335487,-0.09804720431566238,,2.7795257568359375,,,,,,256,3,4,,,,,,,0.99,,,0.01,,models\best_REINFORCE_u2_t80_seed0.pth,,,12.957586399978027,,,,,,,round_robin,3,640,,80,0.6314379000104964,7.892973750131205,
REINFORCE_baseline_public25_seed0_20260807_133256,REINFORCE,baseline,u2_t100,2,100,0,55,2026-08-07 13:42:50,593.2817635000101,,,7007.9365794583755,6650.606860137111,302.0690561623673,1.0,8,8,0,3985.4047384382143,1,3914.5411724202113,5,21.644743893598033,MinBattery_NearestTask,3276.265468505754,6667.618839462179,0.39481377601623535,,2.9659767150878906,,,,,,256,3,4,,,,,,,0.99,,,0.01,,models\best_REINFORCE_u2_t100_seed0.pth,,,19.17264379997505,,,,,,,round_robin,3,800,,100,0.9479525000206195,9.479525000206195,
REINFORCE_baseline_public25_seed0_20260807_133256,REINFORCE,baseline,u4_t20,4,20,0,56,2026-08-07 13:42:53,596.8655807999894,,,1142.1337253662527,1083.0212863157503,47.89000931004869,1.0,8,8,0,644.2191846321656,1,644.2191846321656,56,1.4804028683160904,MinBattery_NearestTask,634.8212723082338,1116.781447019792,-0.7434626817703247,,2.086061954498291,,,,,,256,3,4,,,,,,,0.99,,,0.01,,models\best_REINFORCE_u4_t20_seed0.pth,,,3.5624374999897555,,,,,,,round_robin,3,160,,20,0.12017249997006729,6.008624998503365,
REINFORCE_baseline_public25_seed0_20260807_133256,REINFORCE,baseline,u4_t40,4,40,0,57,2026-08-07 13:43:00,603.9318422999931,,,1776.6944434403104,1694.7517205025085,58.18697608118631,1.0,8,8,0,1315.4886113356652,1,1286.2983485157724,7,8.888173847123658,MinBattery_NearestTask,1208.1097192267905,1809.9456757002988,-0.5633898377418518,,2.447446823120117,,,,,,256,3,4,,,,,,,0.99,,,0.01,,models\best_REINFORCE_u4_t40_seed0.pth,,,7.043519800005015,,,,,,,round_robin,3,320,,40,0.3623107000021264,9.05776750005316,
REINFORCE_baseline_public25_seed0_20260807_133256,REINFORCE,baseline,u4_t60,4,60,0,58,2026-08-07 13:43:12,615.7568850999814,,,2493.9818622781645,2334.8512938100002,198.9973966032594,1.0,8,8,0,1781.4244927218024,1,1781.4244927218024,58,4.283329705366802,MinBattery_NearestTask,1708.2543276618485,2452.0766097704714,-0.2029239535331726,,2.639500141143799,,,,,,256,3,4,,,,,,,0.99,,,0.01,,models\best_REINFORCE_u4_t60_seed0.pth,,,11.80515790003119,,,,,,,round_robin,3,480,,60,0.5865379000315443,9.775631667192403,
REINFORCE_baseline_public25_seed0_20260807_133256,REINFORCE,baseline,u4_t80,4,80,0,59,2026-08-07 13:43:28,631.3832214000286,,,3025.451447751636,2897.129309411833,55.67739149486052,1.0,8,8,0,2328.475737001477,1,1907.8323990572944,9,26.379086282790848,MinBattery_NearestTask,1842.4533722226693,3001.7744400044194,0.2357911467552185,,2.852538824081421,,,,,,256,3,4,,,,,,,0.99,,,0.01,,models\best_REINFORCE_u4_t80_seed0.pth,,,15.605313199979719,,,,,,,round_robin,3,640,,80,0.8737801000243053,10.922251250303816,
REINFORCE_baseline_public25_seed0_20260807_133256,REINFORCE,baseline,u4_t100,4,100,0,60,2026-08-07 13:43:47,650.5527778000105,,,3739.934079713047,3331.8930906294045,163.33235533664177,1.0,8,8,0,2544.4251559040845,1,2544.4251559040845,60,29.775327120003777,MinBattery_NearestTask,1960.6385993165281,3788.7440276745037,0.5865472555160522,,3.0346508026123047,,,,,,256,3,4,,,,,,,0.99,,,0.01,,models\best_REINFORCE_u4_t100_seed0.pth,,,19.141768200031947,,,,,,,round_robin,3,800,,100,1.2643646000069566,12.643646000069566,
REINFORCE_baseline_public25_seed0_20260807_133256,REINFORCE,baseline,u6_t20,6,20,0,61,2026-08-07 13:43:50,653.5044114000048,,,808.8600707142915,618.4488547293249,93.88478970575396,1.0,8,8,0,558.7326795721292,1,558.7326795721292,61,3.6249671641094334,MinBattery_NearestTask,539.1873163996008,875.8432185926702,-0.3980562388896942,,2.3038527965545654,,,,,,256,3,4,,,,,,,0.99,,,0.01,,models\best_REINFORCE_u6_t20_seed0.pth,,,2.932805999997072,,,,,,,round_robin,3,160,,20,0.11297239997657016,5.648619998828508,
REINFORCE_baseline_public25_seed0_20260807_133256,REINFORCE,baseline,u6_t40,6,40,0,62,2026-08-07 13:43:57,660.0744737000205,,,1263.2968254594277,1178.5403411394057,150.20464603026687,1.0,8,8,0,1153.5468396143979,1,1153.5468396143979,62,13.84312449874549,MinBattery_NearestTask,1013.277564801122,1210.81064814677,-0.3548799455165863,,2.5714588165283203,,,,,,256,3,4,,,,,,,0.99,,,0.01,,models\best_REINFORCE_u6_t40_seed0.pth,,,6.5507696000277065,,,,,,,round_robin,3,320,,40,0.274132999998983,6.853324999974575,
REINFORCE_baseline_public25_seed0_20260807_133256,REINFORCE,baseline,u6_t60,6,60,0,63,2026-08-07 13:44:07,670.0489709000103,,,1757.9691091584386,1626.7334944403087,75.47792843603715,1.0,8,8,0,1265.9105141929333,1,1265.9105141929333,63,5.103018965449584,MinBattery_NearestTask,1204.447338100797,1781.770307254355,0.1790468394756317,,2.834458112716675,,,,,,256,3,4,,,,,,,0.99,,,0.01,,models\best_REINFORCE_u6_t60_seed0.pth,,,9.943421400035731,,,,,,,round_robin,3,480,,60,0.47631210001418367,7.938535000236394,
REINFORCE_baseline_public25_seed0_20260807_133256,REINFORCE,baseline,u6_t80,6,80,0,64,2026-08-07 13:44:24,687.2164454000304,,,2016.7224995229437,1966.3390519908135,26.603647681501336,1.0,8,8,0,1852.475007870478,1,1335.9680928589678,39,44.443693384039555,MinBattery_NearestTask,1282.4893662509803,1990.1034262302112,0.2564138174057007,,3.0470986366271973,,,,,,256,3,4,,,,,,,0.99,,,0.01,,models\best_REINFORCE_u6_t80_seed0.pth,,,17.14929850003682,,,,,,,round_robin,3,640,,80,1.0439860000042245,13.049825000052806,
REINFORCE_baseline_public25_seed0_20260807_133256,REINFORCE,baseline,u6_t100,6,100,0,65,2026-08-07 13:44:44,707.3718353000004,,,2507.522923677525,2378.5694251571035,57.77746944040427,1.0,8,8,0,1778.152507105178,1,1778.152507105178,65,40.851313896570055,MinBattery_NearestTask,1262.4323181045447,2588.8953280469614,0.8824117183685303,,3.083632230758667,,,,,,256,3,4,,,,,,,0.99,,,0.01,,models\best_REINFORCE_u6_t100_seed0.pth,,,20.132168699987233,,,,,,,round_robin,3,800,,100,1.0577392999548465,10.577392999548465,
REINFORCE_baseline_public25_seed0_20260807_133256,REINFORCE,baseline,u8_t20,8,20,0,66,2026-08-07 13:44:47,710.8912693000166,,,588.6260029888308,567.1076898910252,14.810203296821403,1.0,8,8,0,617.2876203479351,1,567.8193811747653,16,7.623066301699409,MinBattery_NearestTask,573.5644240217935,594.6205530170921,-0.8146644234657288,,2.6244618892669678,,,,,,256,3,4,,,,,,,0.99,,,0.01,,models\best_REINFORCE_u8_t20_seed0.pth,,,3.4998334999545477,,,,,,,round_robin,3,160,,20,0.14696779998485,7.3483899992424995,
REINFORCE_baseline_public25_seed0_20260807_133256,REINFORCE,baseline,u8_t40,8,40,0,67,2026-08-07 13:44:55,718.055260699999,,,1169.1471732315572,1115.6601604836835,37.68158006635076,1.0,8,8,0,1025.8149526762868,1,1025.8149526762868,67,55.80683890778846,MinBattery_NearestTask,658.3889127507409,1218.711334656825,-0.2594725787639618,,2.7195661067962646,,,,,,256,3,4,,,,,,,0.99,,,0.01,,models\best_REINFORCE_u8_t40_seed0.pth,,,7.136209299962502,,,,,,,round_robin,3,320,,40,0.7027489999891259,17.568724999728147,
REINFORCE_baseline_public25_seed0_20260807_133256,REINFORCE,baseline,u8_t60,8,60,0,68,2026-08-07 13:45:07,729.9975946000195,,,1514.9832749168672,1243.3292271406299,158.7132982157923,1.0,8,8,0,1243.371210565119,1,1228.907943008526,18,13.642834622041589,MinBattery_NearestTask,1094.1043618811327,1248.589806791493,0.10830139368772507,,2.9155352115631104,,,,,,256,3,4,,,,,,,0.99,,,0.01,,models\best_REINFORCE_u8_t60_seed0.pth,,,11.921200099983253,,,,,,,round_robin,3,480,,60,0.9861697999876924,16.436163333128206,
REINFORCE_baseline_public25_seed0_20260807_133256,REINFORCE,baseline,u8_t80,8,80,0,69,2026-08-07 13:45:23,746.048399900028,,,1749.6927748139242,1680.0982156849734,42.855190537803864,1.0,8,8,0,1202.5976575131888,1,1202.5976575131888,69,11.879484062349741,MinBattery_NearestTask,1074.904543573859,1790.9534363892533,0.5789747834205627,,2.9980123043060303,,,,,,256,3,4,,,,,,,0.99,,,0.01,,models\best_REINFORCE_u8_t80_seed0.pth,,,16.022523200022988,,,,,,,round_robin,3,640,,80,0.7949280000175349,9.936600000219187,
REINFORCE_baseline_public25_seed0_20260807_133256,REINFORCE,baseline,u8_t100,8,100,0,70,2026-08-07 13:45:44,767.6321628000005,,,2193.7487326949886,2116.9696235167185,47.44711759363707,1.0,8,8,0,1720.5400593074576,1,1720.5400593074576,70,49.85446409311035,MinBattery_NearestTask,1148.1406775032206,2192.764389417016,1.1368515491485596,,3.1065661907196045,,,,,,256,3,4,,,,,,,0.99,,,0.01,,models\best_REINFORCE_u8_t100_seed0.pth,,,21.56278859998565,,,,,,,round_robin,3,800,,100,1.3398702000267804,13.398702000267804,
REINFORCE_baseline_public25_seed0_20260807_133256,REINFORCE,baseline,u10_t20,10,20,0,71,2026-08-07 13:45:47,770.7003258999903,,,551.330440119894,526.1997486753273,11.781117814505663,1.0,8,8,0,564.2048094568329,1,561.853456124911,21,9.886691269329434,MinBattery_NearestTask,513.442349514357,559.9277735462435,-1.082787275314331,,2.804887533187866,,,,,,256,3,4,,,,,,,0.99,,,0.01,,models\best_REINFORCE_u10_t20_seed0.pth,,,3.0495856000343338,,,,,,,round_robin,3,160,,20,0.1378749000141397,6.893745000706986,
REINFORCE_baseline_public25_seed0_20260807_133256,REINFORCE,baseline,u10_t40,10,40,0,72,2026-08-07 13:45:55,778.3458781000227,,,1035.9360273485436,959.7002414354249,42.18958760998309,1.0,8,8,0,645.1362839461227,1,645.1362839461227,72,2.8161863724388434,MinBattery_NearestTask,627.4656809475473,957.3671098819304,0.2958039343357086,,3.0009021759033203,,,,,,256,3,4,,,,,,,0.99,,,0.01,,models\best_REINFORCE_u10_t40_seed0.pth,,,7.624254300026223,,,,,,,round_robin,3,320,,40,0.6299375999951735,15.748439999879338,
REINFORCE_baseline_public25_seed0_20260807_133256,REINFORCE,baseline,u10_t60,10,60,0,73,2026-08-07 13:46:08,791.2970511000021,,,1257.3293074707408,1187.0841078056935,42.5565778055244,1.0,8,8,0,1074.111463000069,1,1065.716736458004,48,59.83957614072332,MinBattery_NearestTask,671.9934380046263,1193.9764350817031,0.1180780827999115,,3.090937614440918,,,,,,256,3,4,,,,,,,0.99,,,0.01,,models\best_REINFORCE_u10_t60_seed0.pth,,,12.928378299984615,,,,,,,round_robin,3,480,,60,0.8242363999597728,13.73727333266288,
REINFORCE_baseline_public25_seed0_20260807_133256,REINFORCE,baseline,u10_t80,10,80,0,74,2026-08-07 13:46:24,807.1103678999934,,,1389.8565823052675,1292.9244482694703,153.15350400630427,1.0,8,8,0,1302.1502590845985,1,1256.2858962310388,24,14.52259138132568,MinBattery_NearestTask,1137.024794303537,1357.6824276116938,0.3415156900882721,,3.2110116481781006,,,,,,256,3,4,,,,,,,0.99,,,0.01,,models\best_REINFORCE_u10_t80_seed0.pth,,,15.795120599970687,,,,,,,round_robin,3,640,,80,1.1076889000250958,13.846111250313697,
REINFORCE_baseline_public25_seed0_20260807_133256,REINFORCE,baseline,u10_t100,10,100,0,75,2026-08-07 13:46:47,830.241231699998,,,1772.2225698257575,1629.747405238826,61.808470008364786,1.0,8,8,0,1298.1962106191572,1,1298.1962106191572,75,9.357590843568142,MinBattery_NearestTask,1187.1112015225146,1816.9612465912573,1.051934838294983,,3.3580269813537598,,,,,,256,3,4,,,,,,,0.99,,,0.01,,models\best_REINFORCE_u10_t100_seed0.pth,,,23.11037499998929,,,,,,,round_robin,3,800,,100,2.174390800006222,21.74390800006222,
REINFORCE_baseline_public25_seed0_20260807_133256,REINFORCE,baseline,u2_t20,2,20,0,76,2026-08-07 13:46:50,833.3152666999958,,,1734.989035903532,1632.3285410275664,107.05861217998121,1.0,8,8,0,1549.7310490309,1,1549.7310490309,76,25.43582035134277,MinBattery_NearestTask,1235.4772701211982,1648.142715048298,-0.6029673218727112,,1.7346504926681519,,,,,,256,3,4,,,,,,,0.99,,,0.01,,models\best_REINFORCE_u2_t20_seed0.pth,,,3.0545583000057377,,,,,,,round_robin,4,160,,20,0.205686200002674,10.2843100001337,
REINFORCE_baseline_public25_seed0_20260807_133256,REINFORCE,baseline,u2_t40,2,40,0,77,2026-08-07 13:46:56,839.6685818000115,,,3165.9272114901887,2965.839183973341,195.5907639400158,1.0,8,8,0,2374.2082941840786,1,2350.1119430607437,2,32.64448822708943,MinBattery_NearestTask,1789.903467469675,2985.7040913621695,-0.4721620976924896,,2.21877384185791,,,,,,256,3,4,,,,,,,0.99,,,0.01,,models\best_REINFORCE_u2_t40_seed0.pth,,,6.331762799993157,,,,,,,round_robin,4,320,,40,0.30686860001878813,7.671715000469703,
REINFORCE_baseline_public25_seed0_20260807_133256,REINFORCE,baseline,u2_t60,2,60,0,78,2026-08-07 13:47:04,847.7222169000306,,,4599.537414105771,4385.9657413547075,225.41813925938834,1.0,8,8,0,3243.088658091884,1,2558.6832951414017,53,30.181439369494523,MinBattery_NearestTask,2491.2066372895233,4452.979979969232,-0.4753299653530121,,2.522634267807007,,,,,,256,3,4,,,,,,,0.99,,,0.01,,models\best_REINFORCE_u2_t60_seed0.pth,,,8.031616399995983,,,,,,,round_robin,4,480,,60,0.5698220999911427,9.49703499985238,
REINFORCE_baseline_public25_seed0_20260807_133256,REINFORCE,baseline,u2_t80,2,80,0,79,2026-08-07 13:47:16,859.4172105999896,,,5321.030539778165,5018.366833608583,319.77109983613553,1.0,8,8,0,3691.5127285842555,1,3143.0432671726317,29,44.70392746405547,MinBattery_NearestTask,2551.0798450866023,5725.724036335487,-0.21004553139209747,,2.8267385959625244,,,,,,256,3,4,,,,,,,0.99,,,0.01,,models\best_REINFORCE_u2_t80_seed0.pth,,,11.674534799996763,,,,,,,round_robin,4,640,,80,0.6437867000349797,8.047333750437247,
REINFORCE_baseline_public25_seed0_20260807_133256,REINFORCE,baseline,u2_t100,2,100,0,80,2026-08-07 13:47:32,875.4356924999738,,,7128.252530903673,6610.999165264445,307.07756354839324,1.0,8,8,0,4061.236763386268,1,3914.5411724202113,5,23.959331208851196,MinBattery_NearestTask,3276.265468505754,6667.618839462179,0.396864116191864,,2.995936155319214,,,,,,256,3,4,,,,,,,0.99,,,0.01,,models\best_REINFORCE_u2_t100_seed0.pth,,,15.995379900035914,,,,,,,round_robin,4,800,,100,0.9239229999948293,9.239229999948293,
REINFORCE_baseline_public25_seed0_20260807_133256,REINFORCE,baseline,u4_t20,4,20,0,81,2026-08-07 13:47:35,878.4128439999768,,,1140.034907319591,1031.2880259417539,56.8598027199156,1.0,8,8,0,970.8025566938579,1,644.2191846321656,56,52.92533490000795,MinBattery_NearestTask,634.8212723082338,1116.781447019792,-0.7036505341529846,,2.06021785736084,,,,,,256,3,4,,,,,,,0.99,,,0.01,,models\best_REINFORCE_u4_t20_seed0.pth,,,2.9579447000287473,,,,,,,round_robin,4,160,,20,0.21745660004671663,10.872830002335832,
REINFORCE_baseline_public25_seed0_20260807_133256,REINFORCE,baseline,u4_t40,4,40,0,82,2026-08-07 13:47:41,884.2292795000249,,,1660.8883922948685,1319.681674712959,142.10476628931474,1.0,8,8,0,1322.286759030231,1,1286.2983485157724,7,9.45088330855542,MinBattery_NearestTask,1208.1097192267905,1809.9456757002988,-0.35004711151123047,,2.4421091079711914,,,,,,256,3,4,,,,,,,0.99,,,0.01,,models\best_REINFORCE_u4_t40_seed0.pth,,,5.79707710002549,,,,,,,round_robin,4,320,,40,0.3436297999578528,8.59074499894632,
REINFORCE_baseline_public25_seed0_20260807_133256,REINFORCE,baseline,u4_t60,4,60,0,83,2026-08-07 13:47:50,893.8045070000226,,,2415.55826712174,2316.415561601943,121.58872472008748,1.0,8,8,0,2179.2096973074367,1,1781.4244927218024,58,27.56939420666959,MinBattery_NearestTask,1708.2543276618485,2452.0766097704714,-0.19958433508872986,,2.6470696926116943,,,,,,256,3,4,,,,,,,0.99,,,0.01,,models\best_REINFORCE_u4_t60_seed0.pth,,,9.556673499988392,,,,,,,round_robin,4,480,,60,0.5279287999728695,8.798813332881158,
REINFORCE_baseline_public25_seed0_20260807_133256,REINFORCE,baseline,u4_t80,4,80,0,84,2026-08-07 13:48:04,907.3540972999763,,,3041.78598325009,2978.161511999855,41.41295898209698,1.0,8,8,0,2305.7762048514614,1,1907.8323990572944,9,25.147058786614295,MinBattery_NearestTask,1842.4533722226693,3001.7744400044194,0.4368310570716858,,2.894178628921509,,,,,,256,3,4,,,,,,,0.99,,,0.01,,models\best_REINFORCE_u4_t80_seed0.pth,,,13.527281299990136,,,,,,,round_robin,4,640,,80,0.9578126999549568,11.97265874943696,
REINFORCE_baseline_public25_seed0_20260807_133256,REINFORCE,baseline,u4_t100,4,100,0,85,2026-08-07 13:48:23,926.1474248000304,,,3705.8375272890175,3322.632504394741,159.83226778711028,1.0,8,8,0,2550.032163730466,1,2544.4251559040845,60,30.06130577146642,MinBattery_NearestTask,1960.6385993165281,3788.7440276745037,0.6007765531539917,,3.079253673553467,,,,,,256,3,4,,,,,,,0.99,,,0.01,,models\best_REINFORCE_u4_t100_seed0.pth,,,18.773148000007495,,,,,,,round_robin,4,800,,100,1.397469400020782,13.974694000207819,
REINFORCE_baseline_public25_seed0_20260807_133256,REINFORCE,baseline,u6_t20,6,20,0,86,2026-08-07 13:48:25,928.8476752000279,,,859.7865531276586,567.8868602412626,120.04483563835684,1.0,8,8,0,532.7831152424773,1,532.7831152424773,86,-1.187750705986063,MinBattery_NearestTask,539.1873163996008,875.8432185926702,-0.26065048575401306,,2.3185956478118896,,,,,,256,3,4,,,,,,,0.99,,,0.01,,models\best_REINFORCE_u6_t20_seed0.pth,,,2.678340900049079,,,,,,,round_robin,4,160,,20,0.12415589997544885,6.207794998772442,
REINFORCE_baseline_public25_seed0_20260807_133256,REINFORCE,baseline,u6_t40,6,40,0,87,2026-08-07 13:48:32,935.1796789999935,,,1188.017863063838,1149.0959498693958,29.14462500032281,1.0,8,8,0,1162.489664617015,1,1153.5468396143979,62,14.725688695691112,MinBattery_NearestTask,1013.277564801122,1210.81064814677,-0.518586277961731,,2.584538698196411,,,,,,256,3,4,,,,,,,0.99,,,0.01,,models\best_REINFORCE_u6_t40_seed0.pth,,,6.311348800023552,,,,,,,round_robin,4,320,,40,0.3543762000044808,8.85940500011202,
