run_id,algorithm,variant,instance_id,n_usvs,n_tasks,seed,last10_mean,last10_std,last10_min,best_eval_makespan,best_rule_makespan,gap_to_best_rule_percent,mean_epoch_time_sec,mean_rollout_time_sec,mean_update_time_sec,total_train_time_sec,training_log_path
A2C_baseline_public25_seed0_20260804_191643,A2C,baseline,u10_t100,10,100,0,1061.6220322355416,27.2262880349233,1033.0542227490905,675.3196972630328,1187.1112015225146,-10.570970025893821,30.909444664499315,,,82288.83716710002,results\training_logs\A2C_baseline_public25_seed0_20260804_191643.csv
A2C_baseline_public25_seed0_20260804_191643,A2C,baseline,u10_t20,10,20,0,543.4683930638533,17.736008739588627,520.8840753418974,480.20300061279926,513.442349514357,5.847987330592548,5.116626010999171,,,82206.57910570002,results\training_logs\A2C_baseline_public25_seed0_20260804_191643.csv
A2C_baseline_public25_seed0_20260804_191643,A2C,baseline,u10_t40,10,40,0,611.2698091534194,15.758810276392293,591.0701758873469,586.3696437196377,627.4656809475473,-2.581156593245107,10.79013426949983,,,82217.60861200001,results\training_logs\A2C_baseline_public25_seed0_20260804_191643.csv
A2C_baseline_public25_seed0_20260804_191643,A2C,baseline,u10_t60,10,60,0,701.0239803456458,97.37536895685854,654.4188323372878,636.8282197692406,671.9934380046263,4.320063366574062,16.96707564800163,,,82234.58848020001,results\training_logs\A2C_baseline_public25_seed0_20260804_191643.csv
A2C_baseline_public25_seed0_20260804_191643,A2C,baseline,u10_t80,10,80,0,1058.7252176028283,20.24270817965618,1031.7980306779405,666.1063480432047,1137.024794303537,-6.886356136909893,23.697275832499727,,,82257.91264220001,results\training_logs\A2C_baseline_public25_seed0_20260804_191643.csv
A2C_baseline_public25_seed0_20260804_191643,A2C,baseline,u2_t100,2,100,0,3263.5995273985277,85.53743680231288,3152.9519804157967,2956.72817395887,3276.265468505754,-0.38659691129983903,26.45240571000046,,,81959.16807360001,results\training_logs\A2C_baseline_public25_seed0_20260804_191643.csv
A2C_baseline_public25_seed0_20260804_191643,A2C,baseline,u2_t20,2,20,0,1240.6144704936603,105.1479786892543,1118.9516495290468,1108.007521941752,1235.4772701211982,0.4158069514268056,4.788195992001274,,,81888.46354190001,results\training_logs\A2C_baseline_public25_seed0_20260804_191643.csv
A2C_baseline_public25_seed0_20260804_191643,A2C,baseline,u2_t40,2,40,0,1802.674317178332,53.41108494207975,1711.7634978840017,1488.3892827924665,1789.903467469675,0.7134937688405529,9.741480863501637,,,81898.0905816,results\training_logs\A2C_baseline_public25_seed0_20260804_191643.csv
A2C_baseline_public25_seed0_20260804_191643,A2C,baseline,u2_t60,2,60,0,2331.1355976565383,202.17502813691155,2096.61536902336,2096.61536902336,2491.2066372895238,-6.4254420824418474,15.06451567050084,,,81913.2341081,results\training_logs\A2C_baseline_public25_seed0_20260804_191643.csv
A2C_baseline_public25_seed0_20260804_191643,A2C,baseline,u2_t80,2,80,0,2818.0115888721166,152.54143426782116,2609.337224916085,2389.947139308473,2551.0798450866023,10.463480564892029,20.634317711499463,,,81933.28390080002,results\training_logs\A2C_baseline_public25_seed0_20260804_191643.csv
A2C_baseline_public25_seed0_20260804_191643,A2C,baseline,u4_t100,4,100,0,2068.0604946994586,90.63950864059642,1905.3988014495733,1778.6133150725043,1960.638599316528,5.478923827184548,27.569800095999526,,,82035.9223685,results\training_logs\A2C_baseline_public25_seed0_20260804_191643.csv
A2C_baseline_public25_seed0_20260804_191643,A2C,baseline,u4_t20,4,20,0,832.5748976924348,104.33774998663121,626.9587098903362,581.728146969744,634.8212723082338,31.151071019589722,4.845082757999335,,,81963.85257440002,results\training_logs\A2C_baseline_public25_seed0_20260804_191643.csv
A2C_baseline_public25_seed0_20260804_191643,A2C,baseline,u4_t40,4,40,0,1162.0514449450507,69.21497629180872,1079.6888229006297,881.4238930079952,1208.1097192267905,-3.8124247780423346,9.953440975501872,,,81973.64188560002,results\training_logs\A2C_baseline_public25_seed0_20260804_191643.csv
A2C_baseline_public25_seed0_20260804_191643,A2C,baseline,u4_t60,4,60,0,1637.5722414872585,39.23752626764667,1535.4533247916554,1181.369656333144,1708.2543276618485,-4.137679327371308,15.341896602000634,,,81988.61480560002,results\training_logs\A2C_baseline_public25_seed0_20260804_191643.csv
A2C_baseline_public25_seed0_20260804_191643,A2C,baseline,u4_t80,4,80,0,1835.8038935712216,51.81682324627434,1761.7126074077005,1567.1681424640635,1842.4533722226693,-0.36090349702722674,21.26872941600028,,,82009.2444013,results\training_logs\A2C_baseline_public25_seed0_20260804_191643.csv
A2C_baseline_public25_seed0_20260804_191643,A2C,baseline,u6_t100,6,100,0,1528.1625098526395,138.24899931974005,1311.29501170489,1258.7079187404834,1262.4323181045447,21.04906440822668,28.658339398998795,,,82118.20118910001,results\training_logs\A2C_baseline_public25_seed0_20260804_191643.csv
A2C_baseline_public25_seed0_20260804_191643,A2C,baseline,u6_t20,6,20,0,561.0587292561652,7.057257692396747,541.4931794446087,495.2331162725887,539.1873163996008,4.056366348268303,4.934208168499172,,,82040.79446620002,results\training_logs\A2C_baseline_public25_seed0_20260804_191643.csv
A2C_baseline_public25_seed0_20260804_191643,A2C,baseline,u6_t40,6,40,0,779.1427707483076,164.30052940956662,615.7189634871954,606.8155449874057,1013.277564801122,-23.10667897781478,10.136302027500351,,,82050.8397211,results\training_logs\A2C_baseline_public25_seed0_20260804_191643.csv
A2C_baseline_public25_seed0_20260804_191643,A2C,baseline,u6_t60,6,60,0,1113.740749246614,42.14901680576433,1055.6173638662603,718.2741165672375,1204.447338100797,-7.530971756491349,15.900093622000277,,,82066.73393850002,results\training_logs\A2C_baseline_public25_seed0_20260804_191643.csv
A2C_baseline_public25_seed0_20260804_191643,A2C,baseline,u6_t80,6,80,0,1290.854669896094,89.19187572357094,1190.5021599842903,1060.454623599486,1282.4893662509803,0.652270799684483,22.05382284449908,,,82088.38731360002,results\training_logs\A2C_baseline_public25_seed0_20260804_191643.csv
A2C_baseline_public25_seed0_20260804_191643,A2C,baseline,u8_t100,8,100,0,1426.9533592722792,181.81653976067105,1200.745010412796,1122.3270428617234,1148.1406775032206,24.283843193795086,29.489202468501027,,,82201.40909490001,results\training_logs\A2C_baseline_public25_seed0_20260804_191643.csv
A2C_baseline_public25_seed0_20260804_191643,A2C,baseline,u8_t20,8,20,0,538.6844153780017,19.14904445223894,514.7438866496948,514.7438866496948,573.5644240217935,-6.081271289320132,5.030639951999474,,,82123.2615426,results\training_logs\A2C_baseline_public25_seed0_20260804_191643.csv
A2C_baseline_public25_seed0_20260804_191643,A2C,baseline,u8_t40,8,40,0,650.7048933077622,15.884761636960702,617.3768370868688,594.8686508156818,658.3889127507409,-1.1670942955091712,10.421881308998563,,,82133.52795360002,results\training_logs\A2C_baseline_public25_seed0_20260804_191643.csv
A2C_baseline_public25_seed0_20260804_191643,A2C,baseline,u8_t60,8,60,0,953.0428133606993,48.9989442954561,891.2005023500095,630.7003579730381,1094.1043618811327,-12.892878726660161,16.38368866950041,,,82149.61494250002,results\training_logs\A2C_baseline_public25_seed0_20260804_191643.csv
A2C_baseline_public25_seed0_20260804_191643,A2C,baseline,u8_t80,8,80,0,1153.145318949831,31.364397747375378,1082.4993579089946,1036.5013589328255,1074.904543573859,7.278858001272933,22.821692321499285,,,82172.23793840001,results\training_logs\A2C_baseline_public25_seed0_20260804_191643.csv
DDQN_baseline_public25_seed0_20260806_185544,DDQN,baseline,u10_t100,10,100,0,1447.089957197986,206.39438233701225,1292.443714969014,1256.8567970202396,1187.1112015225146,21.900118147486,24.33713243999926,,,67022.30030160001,results\training_logs\DDQN_baseline_public25_seed0_20260806_185544.csv
DDQN_baseline_public25_seed0_20260806_185544,DDQN,baseline,u10_t20,10,20,0,558.8042839854928,8.36751747337701,537.9547411194205,501.9325899819544,513.442349514357,8.834864228484792,7.872022802501451,,,66956.4535836,results\training_logs\DDQN_baseline_public25_seed0_20260806_185544.csv
DDQN_baseline_public25_seed0_20260806_185544,DDQN,baseline,u10_t40,10,40,0,718.43365721941,123.98745013145366,619.8380626532854,619.8380626532854,627.4656809475473,14.497681551999827,10.843856118501863,,,66965.92790329998,results\training_logs\DDQN_baseline_public25_seed0_20260806_185544.csv
DDQN_baseline_public25_seed0_20260806_185544,DDQN,baseline,u10_t60,10,60,0,1163.725390164479,62.729138014725955,1054.8272908472804,1054.8272908472804,671.9934380046263,73.17511218859065,14.499305926998495,,,66980.71020510001,results\training_logs\DDQN_baseline_public25_seed0_20260806_185544.csv
DDQN_baseline_public25_seed0_20260806_185544,DDQN,baseline,u10_t80,10,80,0,1291.0354683959586,27.761423559637198,1259.053928768818,1207.360616851185,1137.024794303537,13.545058547888388,19.031663995001292,,,66999.66188610002,results\training_logs\DDQN_baseline_public25_seed0_20260806_185544.csv
DDQN_baseline_public25_seed0_20260806_185544,DDQN,baseline,u2_t100,2,100,0,4515.187177670776,237.8803916790366,4041.4304648400057,3890.890630377476,3276.265468505754,37.81505867197238,17.01337174950022,,,66735.6962995,results\training_logs\DDQN_baseline_public25_seed0_20260806_185544.csv
DDQN_baseline_public25_seed0_20260806_185544,DDQN,baseline,u2_t20,2,20,0,1589.3714577784535,50.659087969954214,1505.821410871088,1202.995144130571,1235.4772701211982,28.644330107549358,7.1552915365007355,,,66677.83798309998,results\training_logs\DDQN_baseline_public25_seed0_20260806_185544.csv
DDQN_baseline_public25_seed0_20260806_185544,DDQN,baseline,u2_t40,2,40,0,2587.0852137168995,269.16151661313296,2266.814030845909,1890.936432940308,1789.903467469675,44.537694950341255,8.845736289002817,,,66687.32719400001,results\training_logs\DDQN_baseline_public25_seed0_20260806_185544.csv
DDQN_baseline_public25_seed0_20260806_185544,DDQN,baseline,u2_t60,2,60,0,3119.2058118667146,49.30545981419294,3043.109766712072,2562.6349443855224,2491.2066372895238,25.208634449547908,11.075873255502374,,,66700.55608920002,results\training_logs\DDQN_baseline_public25_seed0_20260806_185544.csv
DDQN_baseline_public25_seed0_20260806_185544,DDQN,baseline,u2_t80,2,80,0,3667.7934041696594,298.0220280969205,3156.910419100555,3100.19221101652,2551.0798450866023,43.77415161010563,13.806472421000072,,,66716.24057349999,results\training_logs\DDQN_baseline_public25_seed0_20260806_185544.csv
DDQN_baseline_public25_seed0_20260806_185544,DDQN,baseline,u4_t100,4,100,0,3074.563061394428,216.61695037136462,2646.84707688401,2490.8941522110044,1960.638599316528,56.8143696888458,18.662360119500374,,,66801.8394839,results\training_logs\DDQN_baseline_public25_seed0_20260806_185544.csv
DDQN_baseline_public25_seed0_20260806_185544,DDQN,baseline,u4_t20,4,20,0,960.2875187541428,23.152004591845827,929.0182810906064,646.2498117349132,634.8212723082338,51.26895720782978,7.287372278499533,,,66743.2729934,results\training_logs\DDQN_baseline_public25_seed0_20260806_185544.csv
DDQN_baseline_public25_seed0_20260806_185544,DDQN,baseline,u4_t40,4,40,0,1768.0025219492957,60.15715103543546,1632.0592187007092,1219.6940933174762,1208.1097192267905,46.34453260427749,9.169386400002404,,,66753.37738999998,results\training_logs\DDQN_baseline_public25_seed0_20260806_185544.csv
DDQN_baseline_public25_seed0_20260806_185544,DDQN,baseline,u4_t60,4,60,0,2068.7764829931466,207.24699147570726,1807.3548893445773,1701.819524683094,1708.2543276618485,21.104711956138186,11.536844482500165,,,66766.07664590003,results\training_logs\DDQN_baseline_public25_seed0_20260806_185544.csv
DDQN_baseline_public25_seed0_20260806_185544,DDQN,baseline,u4_t80,4,80,0,2501.2958637600714,168.31801153553144,2370.232221951856,2351.8015919863246,1842.4533722226693,35.7589777559797,14.84526597250282,,,66781.3050551,results\training_logs\DDQN_baseline_public25_seed0_20260806_185544.csv
DDQN_baseline_public25_seed0_20260806_185544,DDQN,baseline,u6_t100,6,100,0,2121.517373272051,210.66508359730352,1930.6984698646545,1819.026150398382,1262.4323181045447,68.04998912396059,20.3768347314978,,,66872.25800570002,results\training_logs\DDQN_baseline_public25_seed0_20260806_185544.csv
DDQN_baseline_public25_seed0_20260806_185544,DDQN,baseline,u6_t20,6,20,0,756.8102922462855,131.32231194007878,566.3805860160179,525.0578332454427,539.1873163996008,40.36129360383555,7.569212403999408,,,66810.35185550002,results\training_logs\DDQN_baseline_public25_seed0_20260806_185544.csv
DDQN_baseline_public25_seed0_20260806_185544,DDQN,baseline,u6_t40,6,40,0,1197.8764645349215,33.23960593117028,1135.7564245884737,1093.5415564951215,1013.277564801122,18.21799930703401,9.644681870001078,,,66819.90292140003,results\training_logs\DDQN_baseline_public25_seed0_20260806_185544.csv
DDQN_baseline_public25_seed0_20260806_185544,DDQN,baseline,u6_t60,6,60,0,1404.4798086454703,145.95100902331808,1246.4455472549876,1232.7621144505622,1204.447338100797,16.60782204559392,12.636143844997278,,,66834.35950259998,results\training_logs\DDQN_baseline_public25_seed0_20260806_185544.csv
DDQN_baseline_public25_seed0_20260806_185544,DDQN,baseline,u6_t80,6,80,0,1921.6986559593133,31.960110420437278,1860.9345214613083,1816.368255778083,1282.4893662509803,49.841293544358415,16.286632990500657,,,66850.15395910002,results\training_logs\DDQN_baseline_public25_seed0_20260806_185544.csv
DDQN_baseline_public25_seed0_20260806_185544,DDQN,baseline,u8_t100,8,100,0,1792.35022032191,149.36787251889086,1670.1811728364405,1670.1811728364405,1148.1406775032206,56.108938167717035,21.884050034999383,,,66949.18445430003,results\training_logs\DDQN_baseline_public25_seed0_20260806_185544.csv
DDQN_baseline_public25_seed0_20260806_185544,DDQN,baseline,u8_t20,8,20,0,581.6928448598679,17.959945122619228,546.2805171288412,530.3445561678766,573.5644240217935,1.4171766060869955,7.760068421001197,,,66881.7031941,results\training_logs\DDQN_baseline_public25_seed0_20260806_185544.csv
DDQN_baseline_public25_seed0_20260806_185544,DDQN,baseline,u8_t40,8,40,0,1065.9600650497691,69.05104782116427,980.4639670078836,671.423955079115,658.3889127507409,61.90431588469508,10.303653622000711,,,66893.99195559998,results\training_logs\DDQN_baseline_public25_seed0_20260806_185544.csv
DDQN_baseline_public25_seed0_20260806_185544,DDQN,baseline,u8_t60,8,60,0,1277.769067768785,139.24222646717584,1195.6203112594128,1126.30897223258,1094.1043618811327,16.7867629713011,13.467504298000422,,,66909.2799737,results\training_logs\DDQN_baseline_public25_seed0_20260806_185544.csv
DDQN_baseline_public25_seed0_20260806_185544,DDQN,baseline,u8_t80,8,80,0,1677.8447811716644,13.649108186284991,1657.1436574485188,1572.451603424579,1074.904543573859,56.09244478520302,17.382733414500255,,,66926.8236302,results\training_logs\DDQN_baseline_public25_seed0_20260806_185544.csv
DQN_baseline_public25_seed0_20260806_030702,DQN,baseline,u10_t100,10,100,0,1411.8902141998783,177.4062343378747,1256.3508888095892,1188.646462602578,1187.1112015225146,18.934958442736967,21.459391975498292,,,56910.23387639999,results\training_logs\DQN_baseline_public25_seed0_20260806_030702.csv
DQN_baseline_public25_seed0_20260806_030702,DQN,baseline,u10_t20,10,20,0,550.305442643427,16.217562111565737,514.7084102318889,507.3168277966142,513.442349514357,7.179597312909068,6.27017064999789,,,56849.08756989997,results\training_logs\DQN_baseline_public25_seed0_20260806_030702.csv
DQN_baseline_public25_seed0_20260806_030702,DQN,baseline,u10_t40,10,40,0,802.9665848908198,195.40775461054548,637.1458733428333,618.4145078765571,627.4656809475473,27.969801261201322,9.020363286499924,,,56858.787060300005,results\training_logs\DQN_baseline_public25_seed0_20260806_030702.csv
DQN_baseline_public25_seed0_20260806_030702,DQN,baseline,u10_t60,10,60,0,1211.7109869980575,37.373642905852144,1148.674702850573,1025.492105996099,671.9934380046263,80.31589573196331,12.435956177500193,,,56871.41019149998,results\training_logs\DQN_baseline_public25_seed0_20260806_030702.csv
DQN_baseline_public25_seed0_20260806_030702,DQN,baseline,u10_t80,10,80,0,1223.6065538472249,65.04628471101334,1136.7814724827929,1072.5303893440473,1137.024794303537,7.614764425319495,16.568064856501007,,,56888.39565369999,results\training_logs\DQN_baseline_public25_seed0_20260806_030702.csv
DQN_baseline_public25_seed0_20260806_030702,DQN,baseline,u2_t100,2,100,0,4188.288605791129,315.2536109664913,3930.2762094715167,3769.278949976753,3276.265468505754,27.83727832962609,14.957845595000835,,,56667.30547839997,results\training_logs\DQN_baseline_public25_seed0_20260806_030702.csv
DQN_baseline_public25_seed0_20260806_030702,DQN,baseline,u2_t20,2,20,0,1517.8469404721382,107.70242548331649,1229.5351079010957,1077.2001555973343,1235.4772701211982,22.855108481537663,5.608435679498943,,,56621.9759052,results\training_logs\DQN_baseline_public25_seed0_20260806_030702.csv
DQN_baseline_public25_seed0_20260806_030702,DQN,baseline,u2_t40,2,40,0,2482.3105910095264,84.7654565867845,2280.2872172933726,1800.5813630331338,1789.903467469675,38.68404839277079,7.1405779414999415,,,56629.2868457,results\training_logs\DQN_baseline_public25_seed0_20260806_030702.csv
DQN_baseline_public25_seed0_20260806_030702,DQN,baseline,u2_t60,2,60,0,3208.254124739636,165.11385994320352,3020.0522079404072,2562.9155568821275,2491.2066372895238,28.783139733052117,9.209416372003034,,,56639.134628699976,results\training_logs\DQN_baseline_public25_seed0_20260806_030702.csv
DQN_baseline_public25_seed0_20260806_030702,DQN,baseline,u2_t80,2,80,0,3614.993257425596,220.53231289773433,3173.1720095631704,3015.146520383306,2551.0798450866023,41.70443408065405,11.843711834000132,,,56651.57944229996,results\training_logs\DQN_baseline_public25_seed0_20260806_030702.csv
DQN_baseline_public25_seed0_20260806_030702,DQN,baseline,u4_t100,4,100,0,2919.8182741745554,259.62158119450805,2572.729649450557,2434.479211570702,1960.638599316528,48.92179900938369,16.314824804500677,,,56721.7356594,results\training_logs\DQN_baseline_public25_seed0_20260806_030702.csv
DQN_baseline_public25_seed0_20260806_030702,DQN,baseline,u4_t20,4,20,0,1091.5563586835979,80.02104335332405,985.0629523933932,648.8605542050973,634.8212723082338,71.94703553563325,5.756843348999101,,,56673.445078699966,results\training_logs\DQN_baseline_public25_seed0_20260806_030702.csv
DQN_baseline_public25_seed0_20260806_030702,DQN,baseline,u4_t40,4,40,0,1576.1967066201553,188.9623532240558,1268.5456624284614,1201.6385490437713,1208.1097192267905,30.468009778859017,7.477974119999853,,,56681.39059189998,results\training_logs\DQN_baseline_public25_seed0_20260806_030702.csv
DQN_baseline_public25_seed0_20260806_030702,DQN,baseline,u4_t60,4,60,0,2084.9355404957705,211.54147854826428,1809.0567918449924,1671.7647339066884,1708.2543276618485,22.050651752160327,9.762966370498761,,,56691.6733882,results\training_logs\DQN_baseline_public25_seed0_20260806_030702.csv
DQN_baseline_public25_seed0_20260806_030702,DQN,baseline,u4_t80,4,80,0,2413.8035884612505,67.78197738819335,2300.808156961752,1861.5466887053376,1842.4533722226693,31.010294472164844,12.798834815999726,,,56704.97363989998,results\training_logs\DQN_baseline_public25_seed0_20260806_030702.csv
DQN_baseline_public25_seed0_20260806_030702,DQN,baseline,u6_t100,6,100,0,2118.7823662853784,209.89767051006126,1844.60516934959,1714.548706382247,1262.4323181045447,67.83334329293665,17.79384504750109,,,56780.37983519997,results\training_logs\DQN_baseline_public25_seed0_20260806_030702.csv
DQN_baseline_public25_seed0_20260806_030702,DQN,baseline,u6_t20,6,20,0,843.4971835107237,148.47096127914824,536.7066210879914,520.2225121567667,539.1873163996008,56.438617499969844,5.915006121000042,,,56727.845654200006,results\training_logs\DQN_baseline_public25_seed0_20260806_030702.csv
DQN_baseline_public25_seed0_20260806_030702,DQN,baseline,u6_t40,6,40,0,1098.5769614313413,54.323442627240624,1022.7946495986374,1022.7946495986374,1013.277564801122,8.418166906415333,7.861659030499868,,,56736.2384184,results\training_logs\DQN_baseline_public25_seed0_20260806_030702.csv
DQN_baseline_public25_seed0_20260806_030702,DQN,baseline,u6_t60,6,60,0,1305.003563718909,126.811648576214,1197.470705841333,1197.470705841333,1204.447338100797,8.348744061875845,10.65945928350091,,,56747.6455555,results\training_logs\DQN_baseline_public25_seed0_20260806_030702.csv
DQN_baseline_public25_seed0_20260806_030702,DQN,baseline,u6_t80,6,80,0,1822.831038080815,51.21171770778584,1753.0261885664906,1364.8145855848832,1282.4893662509803,42.13225357254861,14.027791224998946,,,56762.19223079999,results\training_logs\DQN_baseline_public25_seed0_20260806_030702.csv
DQN_baseline_public25_seed0_20260806_030702,DQN,baseline,u8_t100,8,100,0,1780.4284521016132,105.63093147584775,1709.1966327723408,1611.3635257987492,1148.1406775032206,55.07058385679564,19.190367317998607,,,56842.73125969997,results\training_logs\DQN_baseline_public25_seed0_20260806_030702.csv
DQN_baseline_public25_seed0_20260806_030702,DQN,baseline,u8_t20,8,20,0,679.9901906711533,147.936725339456,558.4126036275794,539.9664708712176,573.5644240217935,18.55515478158667,6.06398295800318,,,56786.585853,results\training_logs\DQN_baseline_public25_seed0_20260806_030702.csv
DQN_baseline_public25_seed0_20260806_030702,DQN,baseline,u8_t40,8,40,0,1046.5999533889778,201.22863782962565,649.678671887179,649.678671887179,658.3889127507409,58.96378768231316,8.37075213649863,,,56795.48878449999,results\training_logs\DQN_baseline_public25_seed0_20260806_030702.csv
DQN_baseline_public25_seed0_20260806_030702,DQN,baseline,u8_t60,8,60,0,1195.7887140345051,25.114699531331336,1136.9984248231249,1114.9174715090433,1094.1043618811327,9.293843960053579,11.432972310995684,,,56807.08561999997,results\training_logs\DQN_baseline_public25_seed0_20260806_030702.csv
DQN_baseline_public25_seed0_20260806_030702,DQN,baseline,u8_t80,8,80,0,1601.2612968552428,43.42928165042397,1527.8468637801634,1183.648542849082,1074.904543573859,48.96776708481898,15.026319123500434,,,56822.65028130001,results\training_logs\DQN_baseline_public25_seed0_20260806_030702.csv
PPO_full_public25_seed0_20260803_054236,PPO,full,u10_t100,10,100,0,933.7545060703527,138.80455702508965,679.8878853589136,670.3462996287701,1187.1112015225146,-21.342288332148033,9.078286274499842,2.884642591500342,3.5960626744997355,19030.7339418,results\training_logs\PPO_full_public25_seed0_20260803_054236.csv
PPO_full_public25_seed0_20260803_054236,PPO,full,u10_t20,10,20,0,506.3992243930963,22.795681751598426,472.6107626752299,472.6107626752299,513.442349514357,-1.3717460446966503,0.9983701130000191,0.38656814449972443,0.3014392950000183,19007.344056099995,results\training_logs\PPO_full_public25_seed0_20260803_054236.csv
PPO_full_public25_seed0_20260803_054236,PPO,full,u10_t40,10,40,0,604.0155667471289,11.342471236817083,576.4767584290566,564.8163415536301,627.4656809475473,-3.7372743900520513,2.288995574500186,0.8036249525000312,0.7290834370001903,19009.922245,results\training_logs\PPO_full_public25_seed0_20260803_054236.csv
PPO_full_public25_seed0_20260803_054236,PPO,full,u10_t60,10,60,0,647.0271059648746,15.03212186662202,626.6745519050368,626.6745519050368,671.9934380046263,-3.715264261193548,4.205659571000106,1.3532141515001785,1.5590798795002774,19014.378884,results\training_logs\PPO_full_public25_seed0_20260803_054236.csv
PPO_full_public25_seed0_20260803_054236,PPO,full,u10_t80,10,80,0,735.678991106182,124.36499989093369,659.5702911787035,653.0190780481772,1137.024794303537,-35.297893696609464,6.771250212499617,2.051588506500411,2.8062798579999435,19021.4577066,results\training_logs\PPO_full_public25_seed0_20260803_054236.csv
PPO_full_public25_seed0_20260803_054236,PPO,full,u2_t100,2,100,0,3085.189686947537,134.35328659321112,2743.9589785586777,2743.9589785586777,3276.265468505754,-5.832121462531031,4.769698096000102,1.7693354725000245,1.1051583120003123,18947.1018437,results\training_logs\PPO_full_public25_seed0_20260803_054236.csv
PPO_full_public25_seed0_20260803_054236,PPO,full,u2_t20,2,20,0,1161.763836564628,29.15408096872985,1130.2658286606777,1074.5367771890246,1235.4772701211982,-5.966393339582768,0.8806452010000066,0.32995376999973813,0.30674254550020125,18933.7819162,results\training_logs\PPO_full_public25_seed0_20260803_054236.csv
PPO_full_public25_seed0_20260803_054236,PPO,full,u2_t40,2,40,0,1714.9948089622121,92.18089522840933,1511.945509929266,1460.84777386519,1789.903467469675,-4.185066952988178,1.5702943899998718,0.5582284360002085,0.4422713550003391,18935.618455,results\training_logs\PPO_full_public25_seed0_20260803_054236.csv
PPO_full_public25_seed0_20260803_054236,PPO,full,u2_t60,2,60,0,2395.3889415041085,64.09837219207586,2324.5442895655174,1945.377757398772,2491.2066372895238,-3.8462363720123425,2.4343471625000164,0.8870870465000189,0.5888908225001797,18938.3363238,results\training_logs\PPO_full_public25_seed0_20260803_054236.csv
PPO_full_public25_seed0_20260803_054236,PPO,full,u2_t80,2,80,0,2524.4993815499365,57.33642446665197,2429.7187925501958,2406.9428367417936,2551.0798450866023,-1.0419298944272535,3.436931778999933,1.2941187984999851,0.730567181999686,18942.0441251,results\training_logs\PPO_full_public25_seed0_20260803_054236.csv
PPO_full_public25_seed0_20260803_054236,PPO,full,u4_t100,4,100,0,1855.0331347719075,60.54630831440366,1762.6905549067485,1762.6905549067485,1960.638599316528,-5.386278969588487,6.003745830499975,2.088235579500215,1.8535479124996346,18964.3270219,results\training_logs\PPO_full_public25_seed0_20260803_054236.csv
PPO_full_public25_seed0_20260803_054236,PPO,full,u4_t20,4,20,0,639.1099754000007,67.05533840216576,599.349490529218,588.9628954550407,634.8212723082338,0.6755764620446711,0.8855010894997395,0.3310244124999372,0.3000599185003739,18948.3195053,results\training_logs\PPO_full_public25_seed0_20260803_054236.csv
PPO_full_public25_seed0_20260803_054236,PPO,full,u4_t40,4,40,0,1006.1130704702518,92.31005147627589,855.1441528153003,855.1441528153003,1208.1097192267905,-16.720058248171345,1.6854150369997296,0.6357542634997299,0.4434693075000905,18950.293797,results\training_logs\PPO_full_public25_seed0_20260803_054236.csv
PPO_full_public25_seed0_20260803_054236,PPO,full,u4_t60,4,60,0,1226.3175422912598,74.96086611388623,1158.0870163318043,1158.0870163318043,1708.2543276618485,-28.21223851545768,2.6509503245001906,1.0302199039999687,0.5991955170002984,18953.2368689,results\training_logs\PPO_full_public25_seed0_20260803_054236.csv
PPO_full_public25_seed0_20260803_054236,PPO,full,u4_t80,4,80,0,1623.2145006314483,99.73070482166092,1462.4484938131482,1462.4484938131482,1842.4533722226693,-11.89929009311856,4.455347069500058,1.5116728275001514,1.4350202094999258,18958.0311601,results\training_logs\PPO_full_public25_seed0_20260803_054236.csv
PPO_full_public25_seed0_20260803_054236,PPO,full,u6_t100,6,100,0,1275.1120274021036,24.83770128613131,1227.8374226826843,1227.2111224937405,1262.4323181045447,1.00438725432795,7.238479077999873,2.341936556500295,2.675316819499967,18983.8152801,results\training_logs\PPO_full_public25_seed0_20260803_054236.csv
PPO_full_public25_seed0_20260803_054236,PPO,full,u6_t20,6,20,0,553.128305081128,18.952586342022745,503.2103667953146,491.7947351413919,539.1873163996008,2.585555753539886,0.9231000884999958,0.3506805514998996,0.3011583890001202,18965.5655742,results\training_logs\PPO_full_public25_seed0_20260803_054236.csv
PPO_full_public25_seed0_20260803_054236,PPO,full,u6_t40,6,40,0,698.5693396155009,117.61059859309215,614.4707412851624,596.2059334367632,1013.277564801122,-31.058442041731137,1.7864002759998403,0.6895893635003085,0.44776181749995886,18967.7126932,results\training_logs\PPO_full_public25_seed0_20260803_054236.csv
PPO_full_public25_seed0_20260803_054236,PPO,full,u6_t60,6,60,0,1007.4507407347419,80.94950547569485,850.7435592778829,829.7638629453534,1204.447338100797,-16.355766759938568,3.384722472000358,1.1367334254999515,1.144689578500038,18971.3595355,results\training_logs\PPO_full_public25_seed0_20260803_054236.csv
PPO_full_public25_seed0_20260803_054236,PPO,full,u6_t80,6,80,0,1158.690342662337,39.315137129704695,1109.962037892896,1079.9099483066109,1282.4893662509803,-9.653025346365034,4.754125917000128,1.6884087040001032,1.4314471389999381,18976.2652814,results\training_logs\PPO_full_public25_seed0_20260803_054236.csv
PPO_full_public25_seed0_20260803_054236,PPO,full,u8_t100,8,100,0,1168.4682963163004,25.241776273190897,1116.7484986150032,1099.650997138957,1148.1406775032206,1.7704815456312286,8.431825792499403,2.5923588289997133,3.4785925995001525,19006.0261964,results\training_logs\PPO_full_public25_seed0_20260803_054236.csv
PPO_full_public25_seed0_20260803_054236,PPO,full,u8_t20,8,20,0,542.9717082493578,22.568369609017587,525.062774060218,520.36074608623,573.5644240217935,-5.333788933058591,0.9556581165001262,0.3646281749998161,0.3014243945002454,18985.0800518,results\training_logs\PPO_full_public25_seed0_20260803_054236.csv
PPO_full_public25_seed0_20260803_054236,PPO,full,u8_t40,8,40,0,640.0756608150889,16.809239816991028,610.6925440588285,595.383237164169,658.3889127507409,-2.781524959030596,2.176287670500351,0.7467882000002283,0.7249813334999271,18987.572321,results\training_logs\PPO_full_public25_seed0_20260803_054236.csv
PPO_full_public25_seed0_20260803_054236,PPO,full,u8_t60,8,60,0,950.9662546787928,55.16289131260994,878.6219576767726,606.2848312420459,1094.1043618811327,-13.082674029032978,3.566419101499814,1.235033481999817,1.1439321995003047,18991.4441827,results\training_logs\PPO_full_public25_seed0_20260803_054236.csv
PPO_full_public25_seed0_20260803_054236,PPO,full,u8_t80,8,80,0,1074.8739829384936,47.5947722878496,1014.6475688267384,988.9297980057712,1074.904543573859,-0.0028431022594629617,5.6985047614998985,1.8476495984997745,2.112744118500195,18997.3526459,results\training_logs\PPO_full_public25_seed0_20260803_054236.csv
PPO_full_u10_t100_seed0_20260522_123749,PPO,full,u10_t100,10,100,0,1562.157224258539,220.72978193401298,1341.427442324526,1341.427442324526,1187.1112015225146,31.593166862128307,5.602461900018777,3.324298766674474,1.6788331666418042,19.742110099992715,results\training_logs\PPO_full_u10_t100_seed0_20260522_123749.csv
PPO_full_u10_t100_seed0_20260522_124407,PPO,full,u10_t100,10,100,0,1030.6503640754179,186.271255397535,657.5759045664424,657.5759045664424,1187.1112015225146,-13.179964711513955,6.525717817051089,2.805098454469494,3.52510977864176,3999.8978710999945,results\training_logs\PPO_full_u10_t100_seed0_20260522_124407.csv
PPO_full_u10_t100_seed0_20260522_144110,PPO,full,u10_t100,10,100,0,1722.448295264043,60.438710928508954,1662.009584335534,1662.009584335534,1187.1112015225146,45.09578319663217,7.059614711104789,3.256208588873657,3.5416899444406025,66.0090716999257,results\training_logs\PPO_full_u10_t100_seed0_20260522_144110.csv
PPO_full_u10_t100_seed0_20260522_144359,PPO,full,u10_t100,10,100,0,1461.1428969670926,227.90784077143877,1283.7323429760634,1283.7323429760634,1187.1112015225146,23.083911186510754,7.086768583326678,3.1665997999953106,3.4979012083495036,88.29902649996802,results\training_logs\PPO_full_u10_t100_seed0_20260522_144359.csv
PPO_full_u10_t100_seed0_20260522_144537,PPO,full,u10_t100,10,100,0,1476.7471906645449,239.65299424487634,1267.1975929921375,1267.1975929921375,1187.1112015225146,24.39838734320434,5.110479945936744,2.6886549756793,2.202802505410226,194.25028929999095,results\training_logs\PPO_full_u10_t100_seed0_20260522_144537.csv
PPO_full_u10_t100_seed0_20260522_144958,PPO,full,u10_t100,10,100,0,1782.887006192552,0.0,1782.887006192552,1782.887006192552,1187.1112015225146,50.187025773653936,,,,3.2571315999375656,results\training_logs\PPO_full_u10_t100_seed0_20260522_144958.csv
PPO_full_u10_t100_seed0_20260522_145051,PPO,full,u10_t100,10,100,0,1454.0487034576672,233.38257640600762,1265.131216520453,1265.131216520453,1187.1112015225146,22.486309757063637,10.357457028585486,3.3981065285791243,6.683740064268932,148.3223188999109,results\training_logs\PPO_full_u10_t100_seed0_20260522_145051.csv
PPO_full_u10_t20_seed0_20260522_124029,PPO,full,u10_t20,10,20,0,549.1067124459325,5.449464089679085,542.3130241578294,542.3130241578294,513.442349514357,6.94612802494942,0.8723041750005601,0.5143736777730131,0.3192602250055643,68.38870050001424,results\training_logs\PPO_full_u10_t20_seed0_20260522_124029.csv
PPO_full_u2_t20_seed0_20260521_201410,PPO,full,u2_t20,2,20,0,1742.9730744205579,93.96891947410609,1649.0041549464518,1649.0041549464518,1235.4772701211982,41.07690336136861,46.39609723336374,1.5313939000091825,44.66068809999464,140.04127339995466,results\training_logs\PPO_full_u2_t20_seed0_20260521_201410.csv
PPO_full_u2_t20_seed0_20260521_201736,PPO,full,u2_t20,2,20,0,1649.0041549464518,0.0,1649.0041549464518,1649.0041549464518,1235.4772701211982,33.4710232900268,,,,1.0542152000125498,results\training_logs\PPO_full_u2_t20_seed0_20260521_201736.csv
PPO_full_u2_t20_seed0_20260521_201915,PPO,full,u2_t20,2,20,0,1735.0362374545957,86.03208250814407,1649.0041549464518,1649.0041549464518,1235.4772701211982,40.43449275957878,44.653951549960766,1.8180896000121722,42.54050039994763,90.07783279998694,results\training_logs\PPO_full_u2_t20_seed0_20260521_201915.csv
PPO_full_u2_t20_seed0_20260521_204735,PPO,full,u2_t20,2,20,0,1653.6325437637129,92.43670119794295,1544.4383649415954,1544.4383649415954,1235.4772701211982,33.84564684071398,42.570835014997286,0.5217772399773821,41.93754450501292,853.0751545000821,results\training_logs\PPO_full_u2_t20_seed0_20260521_204735.csv
PPO_full_u2_t20_seed0_20260521_210749,PPO,full,u2_t20,2,20,0,1161.3297285678186,41.85501905649933,1113.000337828902,1113.000337828902,1235.4772701211982,-6.001530205902197,0.6154545936347905,0.3334791910898379,0.2527060038254412,107.9389565999154,results\training_logs\PPO_full_u2_t20_seed0_20260521_210749.csv
PPO_full_u2_t20_seed0_20260521_211450,PPO,full,u2_t20,2,20,0,1537.4724879919513,132.86918245599003,1238.2104254666656,1238.2104254666656,1235.4772701211982,24.443607759868208,0.6903904912996687,0.35989818984028493,0.3011429594286407,52.67697060003411,results\training_logs\PPO_full_u2_t20_seed0_20260521_211450.csv
PPO_full_u2_t20_seed0_20260521_211953,PPO,full,u2_t20,2,20,0,1095.7046462616863,31.01259612406683,1077.7931937013868,1077.7931937013868,1235.4772701211982,-11.313249319900514,0.6496394628002309,0.3220287078995025,0.30409007739822846,760.37028500007,results\training_logs\PPO_full_u2_t20_seed0_20260521_211953.csv
PPO_full_u2_t20_seed0_20260522_135116,PPO,full,u2_t20,2,20,0,1368.8374717521215,230.98652101044775,1158.9962545283029,1158.9962545283029,1235.4772701211982,10.794225426570645,0.7279521969200756,0.3918592692281191,0.29926025691764574,52.39044190000277,results\training_logs\PPO_full_u2_t20_seed0_20260522_135116.csv
PPO_full_u2_t20_seed0_20260522_144244,PPO,full,u2_t20,2,20,0,1386.0256068159026,192.47122974413506,1206.347858463437,1206.347858463437,1235.4772701211982,12.185439613950637,0.6969944164598997,0.35992565695373224,0.3061178177256208,61.48508190002758,results\training_logs\PPO_full_u2_t20_seed0_20260522_144244.csv
PPO_no_hgnn_public25_seed0_20260804_013622,PPO,no_hgnn,u2_t20,2,20,0,1589.2361127226668,0.0,1589.2361127226668,1589.2361127226668,1235.4772701211982,28.633375227272733,6.256986600012169,5.015360200006398,1.0965974999999162,6.271017100007157,results\training_logs\PPO_no_hgnn_public25_seed0_20260804_013622.csv
PPO_no_hgnn_public25_seed0_20260804_013622,PPO,no_hgnn,u2_t40,2,40,0,2548.244168337884,0.0,2548.244168337884,2548.244168337884,1789.903467469675,42.36768712115235,0.7058202999905916,0.2274250000045867,0.2238711000100011,7.0131589000084205,results\training_logs\PPO_no_hgnn_public25_seed0_20260804_013622.csv
PPO_no_hgnn_public25_seed0_20260804_013622,PPO,no_hgnn,u2_t60,2,60,0,3829.510214201312,0.0,3829.510214201312,3829.510214201312,2491.2066372895238,53.72109871896801,1.2672883000050206,0.4313913999940268,0.4030983999982709,8.320193499996094,results\training_logs\PPO_no_hgnn_public25_seed0_20260804_013622.csv
PPO_no_hgnn_public25_seed0_20260804_013622,PPO,no_hgnn,u2_t80,2,80,0,3638.609443296156,0.0,3638.609443296156,3638.609443296156,2551.0798450866023,42.630166997875165,1.5401087000063851,0.5994186999887461,0.2473297999968053,9.90115859999787,results\training_logs\PPO_no_hgnn_public25_seed0_20260804_013622.csv
PPO_no_hgnn_public25_seed0_20260804_014654,PPO,no_hgnn,u10_t100,10,100,0,933.6749886211371,64.26876400746498,811.712877217396,811.712877217396,1187.1112015225146,-21.34898673151564,4.4874709024999175,1.7322353655000189,1.1413437760005036,8979.024678899994,results\training_logs\PPO_no_hgnn_public25_seed0_20260804_014654.csv
PPO_no_hgnn_public25_seed0_20260804_014654,PPO,no_hgnn,u10_t20,10,20,0,510.16460099369306,6.772815773103696,501.9325899819544,483.08400095270895,513.442349514357,-0.638386865392825,0.42701700699981304,0.18186716900061584,0.09973646349979387,8966.907684699996,results\training_logs\PPO_no_hgnn_public25_seed0_20260804_014654.csv
PPO_no_hgnn_public25_seed0_20260804_014654,PPO,no_hgnn,u10_t40,10,40,0,586.1849109664802,10.63641472318456,572.6893641432779,568.2167485294106,627.4656809475473,-6.578968577010983,1.0452560870001617,0.4271329485004389,0.22876456949954446,8968.222878799992,results\training_logs\PPO_no_hgnn_public25_seed0_20260804_014654.csv
PPO_no_hgnn_public25_seed0_20260804_014654,PPO,no_hgnn,u10_t60,10,60,0,658.8906646317162,9.525512479968672,644.4068089144529,640.1347630626107,671.9934380046263,-1.9498365061148069,1.9708573939995404,0.7599149605002458,0.4862093250002363,8970.498551599987,results\training_logs\PPO_no_hgnn_public25_seed0_20260804_014654.csv
PPO_no_hgnn_public25_seed0_20260804_014654,PPO,no_hgnn,u10_t80,10,80,0,711.0913388242344,78.64270783758975,674.6996423174197,674.6996423174197,1137.024794303537,-37.46034893990153,3.171584512000336,1.194719810999959,0.8463523680000071,8974.067882399992,results\training_logs\PPO_no_hgnn_public25_seed0_20260804_014654.csv
PPO_no_hgnn_public25_seed0_20260804_014654,PPO,no_hgnn,u2_t100,2,100,0,3311.862678255292,210.52683035178796,3037.0002144186674,2993.755115927197,3276.265468505754,1.086517868949522,2.099574434000024,0.7964908520000609,0.3556387175004784,8936.986569,results\training_logs\PPO_no_hgnn_public25_seed0_20260804_014654.csv
PPO_no_hgnn_public25_seed0_20260804_014654,PPO,no_hgnn,u2_t20,2,20,0,1181.3255920689899,13.122496556047462,1159.589701870361,1107.574813472249,1235.4772701211982,-4.38305741123802,0.3252986764992238,0.13388091600041657,0.10391553450004717,8930.622412099998,results\training_logs\PPO_no_hgnn_public25_seed0_20260804_014654.csv
PPO_no_hgnn_public25_seed0_20260804_014654,PPO,no_hgnn,u2_t40,2,40,0,1752.1097324764683,114.38505364407506,1625.7330688300303,1606.1205616642803,1789.903467469675,-2.111495713600378,0.5964813140001933,0.23825121149951883,0.14164423949943736,8931.463503699997,results\training_logs\PPO_no_hgnn_public25_seed0_20260804_014654.csv
PPO_no_hgnn_public25_seed0_20260804_014654,PPO,no_hgnn,u2_t60,2,60,0,2485.9569660993075,85.52504062017746,2310.042723902955,2116.80983214876,2491.2066372895238,-0.21072805088252483,0.9765237144995627,0.38366796049973345,0.1856690829994477,8932.760115799989,results\training_logs\PPO_no_hgnn_public25_seed0_20260804_014654.csv
PPO_no_hgnn_public25_seed0_20260804_014654,PPO,no_hgnn,u2_t80,2,80,0,2559.7268129222794,61.79059483181891,2420.9380347757856,2418.655039211984,2551.0798450866023,0.33895324179410463,1.4862706095002796,0.5769638200001646,0.2463689294996584,8934.545132199986,results\training_logs\PPO_no_hgnn_public25_seed0_20260804_014654.csv
PPO_no_hgnn_public25_seed0_20260804_014654,PPO,no_hgnn,u4_t100,4,100,0,1872.9753049869512,104.17748288133893,1715.2426469283928,1715.2426469283928,1960.638599316528,-4.471160282172138,2.7179771354998956,1.0255473474994505,0.5862934909998876,8945.352962199991,results\training_logs\PPO_no_hgnn_public25_seed0_20260804_014654.csv
PPO_no_hgnn_public25_seed0_20260804_014654,PPO,no_hgnn,u4_t20,4,20,0,607.9534906196222,14.165765118383712,588.2881294674316,588.2881294674316,634.8212723082338,-4.232337960402509,0.3295831394993729,0.12654570450038588,0.10248822700028537,8937.551138899988,results\training_logs\PPO_no_hgnn_public25_seed0_20260804_014654.csv
PPO_no_hgnn_public25_seed0_20260804_014654,PPO,no_hgnn,u4_t40,4,40,0,1158.3519118970637,96.2102315598456,977.0429093467562,873.3968023122362,1208.1097192267905,-4.1186497002584,0.6756332930003555,0.2822666115000175,0.14251825000043025,8938.462167699996,results\training_logs\PPO_no_hgnn_public25_seed0_20260804_014654.csv
PPO_no_hgnn_public25_seed0_20260804_014654,PPO,no_hgnn,u4_t60,4,60,0,1389.6783670149077,206.8672447210102,1154.9026674326733,1154.9026674326733,1708.2543276618485,-18.64921139014397,1.138844753000376,0.46880818050020023,0.20383466850100376,8939.931698199987,results\training_logs\PPO_no_hgnn_public25_seed0_20260804_014654.csv
PPO_no_hgnn_public25_seed0_20260804_014654,PPO,no_hgnn,u4_t80,4,80,0,1680.563358076888,135.59355898583595,1485.4473230033964,1485.4473230033964,1842.4533722226693,-8.786654608821003,1.9175208889997157,0.7178097879998677,0.44852699900002335,8942.290189299994,results\training_logs\PPO_no_hgnn_public25_seed0_20260804_014654.csv
PPO_no_hgnn_public25_seed0_20260804_014654,PPO,no_hgnn,u6_t100,6,100,0,1363.4166807676297,188.74783262814302,1185.454741484139,1185.454741484139,1262.4323181045447,7.999190231022133,3.327390131500215,1.2498125749998144,0.8317538964995037,8955.095778699993,results\training_logs\PPO_no_hgnn_public25_seed0_20260804_014654.csv
PPO_no_hgnn_public25_seed0_20260804_014654,PPO,no_hgnn,u6_t20,6,20,0,521.99174768769,14.816380569415337,502.6871698508001,502.26060012648304,539.1873163996008,-3.189164171504156,0.35766936399966653,0.14427191650094756,0.10143633400075483,8945.989604699993,results\training_logs\PPO_no_hgnn_public25_seed0_20260804_014654.csv
PPO_no_hgnn_public25_seed0_20260804_014654,PPO,no_hgnn,u6_t40,6,40,0,739.3281227922109,124.64868067744453,608.2569258014765,595.4639036628457,1013.277564801122,-27.035972326366437,0.7699528345003637,0.3259362819990929,0.1518284684998798,8947.039521999992,results\training_logs\PPO_no_hgnn_public25_seed0_20260804_014654.csv
PPO_no_hgnn_public25_seed0_20260804_014654,PPO,no_hgnn,u6_t60,6,60,0,1007.8640007943119,78.93327801102764,878.4026980336225,878.4026980336225,1204.447338100797,-16.32145558281217,1.4740664874993672,0.563482567000101,0.3609453710003436,8948.871022299994,results\training_logs\PPO_no_hgnn_public25_seed0_20260804_014654.csv
PPO_no_hgnn_public25_seed0_20260804_014654,PPO,no_hgnn,u6_t80,6,80,0,1188.9128980072403,71.32637076305038,1087.3659008838738,1087.3659008838738,1282.4893662509803,-7.296471277363192,2.2189408774999175,0.8720858014997793,0.469682149999644,8951.380572199996,results\training_logs\PPO_no_hgnn_public25_seed0_20260804_014654.csv
PPO_no_hgnn_public25_seed0_20260804_014654,PPO,no_hgnn,u8_t100,8,100,0,1167.8981772227555,31.10028071697151,1117.8080581710713,1094.2034958299548,1148.1406775032206,1.720825688582011,3.9314805519997025,1.4780379385001288,1.077211543500598,8966.1876434,results\training_logs\PPO_no_hgnn_public25_seed0_20260804_014654.csv
PPO_no_hgnn_public25_seed0_20260804_014654,PPO,no_hgnn,u8_t20,8,20,0,529.9817580403362,3.604618433553706,528.1266399563503,528.1266399563503,573.5644240217935,-7.598565070660876,0.3885389564991783,0.1608881744999235,0.09996682600009077,8955.738358499992,results\training_logs\PPO_no_hgnn_public25_seed0_20260804_014654.csv
PPO_no_hgnn_public25_seed0_20260804_014654,PPO,no_hgnn,u8_t40,8,40,0,639.5752017380313,14.392744915559348,610.7497456156394,597.9607677973895,658.3889127507409,-2.8575376420155942,0.9415761455002939,0.37492817249978544,0.22639747249995706,8956.990774799997,results\training_logs\PPO_no_hgnn_public25_seed0_20260804_014654.csv
PPO_no_hgnn_public25_seed0_20260804_014654,PPO,no_hgnn,u8_t60,8,60,0,855.583599535553,77.07142421372492,718.940755368676,718.940755368676,1094.1043618811327,-21.800549440775686,1.6559584269995684,0.6562855819999095,0.37632123549992685,8958.935095299996,results\training_logs\PPO_no_hgnn_public25_seed0_20260804_014654.csv
PPO_no_hgnn_public25_seed0_20260804_014654,PPO,no_hgnn,u8_t80,8,80,0,1070.160892257519,52.13494185127623,988.7040135838532,988.7040135838532,1074.904543573859,-0.4413090766709598,2.644280863000022,1.0177895119996538,0.6554756239998824,8961.95614889999,results\training_logs\PPO_no_hgnn_public25_seed0_20260804_014654.csv
PPO_no_reward_norm_public25_seed0_20260804_084547,PPO,no_reward_norm,u10_t100,10,100,0,1048.0956491995364,64.74392081387305,970.081236909773,816.9261018633065,1187.1112015225146,-11.710406922677976,9.267633119000529,2.9001400784988074,3.6410702529989067,19146.301949200017,results\training_logs\PPO_no_reward_norm_public25_seed0_20260804_084547.csv
PPO_no_reward_norm_public25_seed0_20260804_084547,PPO,no_reward_norm,u10_t20,10,20,0,525.6917145570397,19.50497187667945,507.3110443011294,476.6592460550325,513.442349514357,2.385733287148763,1.0015869879999082,0.3785177045002638,0.3028140650004207,19122.5977061,results\training_logs\PPO_no_reward_norm_public25_seed0_20260804_084547.csv
PPO_no_reward_norm_public25_seed0_20260804_084547,PPO,no_reward_norm,u10_t40,10,40,0,604.9369229050869,11.207572932846045,588.0690535806685,565.0877074054897,627.4656809475473,-3.5904366926393934,2.329465756000718,0.8009396549996746,0.7408521119992656,19125.13232589999,results\training_logs\PPO_no_reward_norm_public25_seed0_20260804_084547.csv
PPO_no_reward_norm_public25_seed0_20260804_084547,PPO,no_reward_norm,u10_t60,10,60,0,690.8854134082251,87.0693017385506,639.859660001096,639.859660001096,671.9934380046263,2.811333315946557,4.283081763999653,1.360977890000795,1.5808352285015281,19129.708115000016,results\training_logs\PPO_no_reward_norm_public25_seed0_20260804_084547.csv
PPO_no_reward_norm_public25_seed0_20260804_084547,PPO,no_reward_norm,u10_t80,10,80,0,853.3654446131944,154.61760163938678,673.9565624314534,665.0973338988673,1137.024794303537,-24.94750783900827,6.882793685999059,2.050318432500644,2.8441604555003868,19136.906896500004,results\training_logs\PPO_no_reward_norm_public25_seed0_20260804_084547.csv
PPO_no_reward_norm_public25_seed0_20260804_084547,PPO,no_reward_norm,u2_t100,2,100,0,3392.3626761624146,222.14706731821065,3144.1691962459645,3010.169493222479,3276.265468505754,3.543583655619039,4.848352767999313,1.7772479899994504,1.113422245499969,19062.752665800013,results\training_logs\PPO_no_reward_norm_public25_seed0_20260804_084547.csv
PPO_no_reward_norm_public25_seed0_20260804_084547,PPO,no_reward_norm,u2_t20,2,20,0,1244.654118025651,149.8118339155827,1079.928470624029,1079.928470624029,1235.4772701211982,0.7427775586314621,0.8720605324995995,0.319205775999435,0.30434166050021305,19049.3840809,results\training_logs\PPO_no_reward_norm_public25_seed0_20260804_084547.csv
PPO_no_reward_norm_public25_seed0_20260804_084547,PPO,no_reward_norm,u2_t40,2,40,0,1849.87802131684,51.36308143898557,1796.8071234920271,1593.9027427568724,1789.903467469675,3.3507144344465103,1.5913252689992077,0.5527306445002614,0.4487699675001204,19051.2086478,results\training_logs\PPO_no_reward_norm_public25_seed0_20260804_084547.csv
PPO_no_reward_norm_public25_seed0_20260804_084547,PPO,no_reward_norm,u2_t60,2,60,0,2499.6682477226655,47.73539739106719,2428.5011255857657,2215.7527684205525,2491.2066372895238,0.33965911564638673,2.4764254095016804,0.8846189379996212,0.5983797800001048,19053.9117919,results\training_logs\PPO_no_reward_norm_public25_seed0_20260804_084547.csv
PPO_no_reward_norm_public25_seed0_20260804_084547,PPO,no_reward_norm,u2_t80,2,80,0,2838.474701706668,159.20216039148727,2524.8665569893906,2464.799235903074,2551.0798450866023,11.265615898835552,3.4996616464998804,1.2976091380002617,0.7391394900013983,19057.627244600008,results\training_logs\PPO_no_reward_norm_public25_seed0_20260804_084547.csv
PPO_no_reward_norm_public25_seed0_20260804_084547,PPO,no_reward_norm,u4_t100,4,100,0,1990.7478032334006,95.49951119505926,1915.4619959568383,1864.028880324889,1960.638599316528,1.5356835230811379,6.1082345809992695,2.0943500209985357,1.87696786600005,19079.710308600013,results\training_logs\PPO_no_reward_norm_public25_seed0_20260804_084547.csv
PPO_no_reward_norm_public25_seed0_20260804_084547,PPO,no_reward_norm,u4_t20,4,20,0,751.5607880761413,137.0465920907386,627.6640166710888,599.2443237872618,634.8212723082338,18.38935159551889,0.8843224824997015,0.32134862050035734,0.3027115169989702,19063.87601420001,results\training_logs\PPO_no_reward_norm_public25_seed0_20260804_084547.csv
PPO_no_reward_norm_public25_seed0_20260804_084547,PPO,no_reward_norm,u4_t40,4,40,0,1123.6779097734686,55.586166593735435,1039.1622105935096,862.8266618589017,1208.1097192267905,-6.988753431050913,1.7072190924998722,0.6305017685003986,0.4492541614991205,19065.787167400005,results\training_logs\PPO_no_reward_norm_public25_seed0_20260804_084547.csv
PPO_no_reward_norm_public25_seed0_20260804_084547,PPO,no_reward_norm,u4_t60,4,60,0,1414.8185182029338,126.08641512920099,1218.9578691999063,1187.215436537674,1708.2543276618485,-17.1775247225951,2.686556877500552,1.0252886354996007,0.605606115499977,19068.689198000007,results\training_logs\PPO_no_reward_norm_public25_seed0_20260804_084547.csv
PPO_no_reward_norm_public25_seed0_20260804_084547,PPO,no_reward_norm,u4_t80,4,80,0,1736.0645310592984,57.5441822665506,1595.930130972684,1595.930130972684,1842.4533722226693,-5.774303044371062,4.543244666500541,1.5215459580002062,1.4558228134988167,19073.390209100005,results\training_logs\PPO_no_reward_norm_public25_seed0_20260804_084547.csv
PPO_no_reward_norm_public25_seed0_20260804_084547,PPO,no_reward_norm,u6_t100,6,100,0,1539.390777628839,147.45164633651152,1285.1313047722822,1261.699517302902,1262.4323181045447,21.938479833923168,7.385103758500481,2.361078267499688,2.7176064875003068,19099.203849500016,results\training_logs\PPO_no_reward_norm_public25_seed0_20260804_084547.csv
PPO_no_reward_norm_public25_seed0_20260804_084547,PPO,no_reward_norm,u6_t20,6,20,0,539.0264694923073,23.991725922129802,510.6187208145692,495.2331162725887,539.1873163996008,-0.029831359603845566,0.9205347095015167,0.33914799200283596,0.30329589049928474,19080.850414200017,results\training_logs\PPO_no_reward_norm_public25_seed0_20260804_084547.csv
PPO_no_reward_norm_public25_seed0_20260804_084547,PPO,no_reward_norm,u6_t40,6,40,0,943.3741523410496,174.4915900861503,620.2007420850592,616.4276089813276,1013.277564801122,-6.898742742201396,1.8121870949982257,0.6856365445001574,0.45462457899935543,19082.869739799997,results\training_logs\PPO_no_reward_norm_public25_seed0_20260804_084547.csv
PPO_no_reward_norm_public25_seed0_20260804_084547,PPO,no_reward_norm,u6_t60,6,60,0,1147.9658235188354,71.72567990494804,947.3193509801082,947.3193509801082,1204.447338100797,-4.6894133761815695,3.440800900500908,1.14006235199995,1.1555770465004025,19086.51418180001,results\training_logs\PPO_no_reward_norm_public25_seed0_20260804_084547.csv
PPO_no_reward_norm_public25_seed0_20260804_084547,PPO,no_reward_norm,u6_t80,6,80,0,1261.1536729975912,52.12883087547486,1200.9368668763416,1130.7601882003848,1282.4893662509803,-1.6636156068691905,4.842206622499943,1.695005203999608,1.4494638159999158,19091.630207900016,results\training_logs\PPO_no_reward_norm_public25_seed0_20260804_084547.csv
PPO_no_reward_norm_public25_seed0_20260804_084547,PPO,no_reward_norm,u8_t100,8,100,0,1209.9079260675674,78.75618208747916,1115.889360477709,1115.889360477709,1148.1406775032206,5.379763105220488,8.616399475999206,2.606649006499647,3.539968657499994,19121.38260760001,results\training_logs\PPO_no_reward_norm_public25_seed0_20260804_084547.csv
PPO_no_reward_norm_public25_seed0_20260804_084547,PPO,no_reward_norm,u8_t20,8,20,0,562.8380726387961,23.325740537551866,529.7716497049357,525.062774060218,573.5644240217935,-1.8701214604254766,0.9574923664997914,0.3576705135001976,0.304339261999703,19100.3887791,results\training_logs\PPO_no_reward_norm_public25_seed0_20260804_084547.csv
PPO_no_reward_norm_public25_seed0_20260804_084547,PPO,no_reward_norm,u8_t40,8,40,0,640.6436875128722,25.245585058565034,589.7245077815757,589.7245077815757,658.3889127507409,-2.6952497063975978,2.2059759715001563,0.7397124064984382,0.7347513669998443,19102.790040199998,results\training_logs\PPO_no_reward_norm_public25_seed0_20260804_084547.csv
PPO_no_reward_norm_public25_seed0_20260804_084547,PPO,no_reward_norm,u8_t60,8,60,0,1006.7680990285501,31.590630216388348,955.4038343844352,772.9366003669104,1094.1043618811327,-7.982443530562504,3.6360047969994778,1.2423993840006005,1.161429313999979,19106.594551100017,results\training_logs\PPO_no_reward_norm_public25_seed0_20260804_084547.csv
PPO_no_reward_norm_public25_seed0_20260804_084547,PPO,no_reward_norm,u8_t80,8,80,0,1112.7737201907855,44.18175892835281,1028.6677998649616,1028.6677998649616,1074.904543573859,3.523026936979775,5.814785227500251,1.859580287001445,2.1465143744988016,19112.625165000005,results\training_logs\PPO_no_reward_norm_public25_seed0_20260804_084547.csv
PPO_shared_encoder_public25_seed0_20260804_041634,PPO,shared_encoder,u10_t100,10,100,0,972.1820778001195,166.73754678924948,678.4337041389435,668.9803492921657,1187.1112015225146,-18.105222446451563,7.585899127499506,2.829062067999912,2.048038984500017,16151.508575800006,results\training_logs\PPO_shared_encoder_public25_seed0_20260804_041634.csv
PPO_shared_encoder_public25_seed0_20260804_041634,PPO,shared_encoder,u10_t20,10,20,0,498.16633756544235,10.373496401613936,481.66636327720784,480.98931346328527,513.442349514357,-2.97521463965012,0.8276954690007551,0.3357194424997579,0.17384528850023342,16131.953128799983,results\training_logs\PPO_shared_encoder_public25_seed0_20260804_041634.csv
PPO_shared_encoder_public25_seed0_20260804_041634,PPO,shared_encoder,u10_t40,10,40,0,604.3387176750869,20.80004506407354,572.7190148690355,562.0515047498816,627.4656809475473,-3.6857734175255605,1.9493045790000179,0.755737921500695,0.4211971560008533,16134.151998100002,results\training_logs\PPO_shared_encoder_public25_seed0_20260804_041634.csv
PPO_shared_encoder_public25_seed0_20260804_041634,PPO,shared_encoder,u10_t60,10,60,0,658.2263047970621,9.85754073518853,639.3268915353492,623.7647221972784,671.9934380046263,-2.048700542142716,3.5407966629992007,1.3103479169998173,0.9024640309998359,16137.888647800006,results\training_logs\PPO_shared_encoder_public25_seed0_20260804_041634.csv
PPO_shared_encoder_public25_seed0_20260804_041634,PPO,shared_encoder,u10_t80,10,80,0,736.171546112216,168.61396838542385,671.1904694672762,658.0578488240822,1137.024794303537,-35.25457406026542,5.586491111499636,1.9984858514997177,1.615388750000202,16143.693219299996,results\training_logs\PPO_shared_encoder_public25_seed0_20260804_041634.csv
PPO_shared_encoder_public25_seed0_20260804_041634,PPO,shared_encoder,u2_t100,2,100,0,3243.781965067247,60.91452090386143,3135.060538156483,2908.869158091965,3276.265468505754,-0.9914795901237663,4.25391540000026,1.7155737370011774,0.6138575884995225,16081.126258399992,results\training_logs\PPO_shared_encoder_public25_seed0_20260804_041634.csv
PPO_shared_encoder_public25_seed0_20260804_041634,PPO,shared_encoder,u2_t20,2,20,0,1347.2875747505382,212.34207120602287,1141.086981068558,1084.7605670023515,1235.4772701211982,9.049968569504443,0.7043143575001158,0.28863632599975975,0.17317983150052896,16069.500800399996,results\training_logs\PPO_shared_encoder_public25_seed0_20260804_041634.csv
PPO_shared_encoder_public25_seed0_20260804_041634,PPO,shared_encoder,u2_t40,2,40,0,1859.2915519460178,61.057815620414644,1761.714590491736,1593.4551439132329,1789.903467469675,3.8766383627623413,1.3532520214995747,0.517257162000169,0.2563902980001876,16071.062608499997,results\training_logs\PPO_shared_encoder_public25_seed0_20260804_041634.csv
PPO_shared_encoder_public25_seed0_20260804_041634,PPO,shared_encoder,u2_t60,2,60,0,2476.539744497789,45.20760867962348,2388.8016638421163,2155.379034248196,2491.2066372895238,-0.5887465364050538,2.167159777000634,0.8473035885003628,0.3424547399997391,16073.420889099987,results\training_logs\PPO_shared_encoder_public25_seed0_20260804_041634.csv
PPO_shared_encoder_public25_seed0_20260804_041634,PPO,shared_encoder,u2_t80,2,80,0,2674.9976426478433,244.78832735002354,2459.472439707509,2365.2945871648053,2551.0798450866023,4.857464489004827,3.1029638965000776,1.2425465609993989,0.4245482579997042,16076.70681659998,results\training_logs\PPO_shared_encoder_public25_seed0_20260804_041634.csv
PPO_shared_encoder_public25_seed0_20260804_041634,PPO,shared_encoder,u4_t100,4,100,0,1910.6119322663085,35.220214581563106,1857.6164600165905,1706.8122267542644,1960.638599316528,-2.551549636310259,5.21559496899943,2.0364468459997442,1.076703154500865,16095.838476699995,results\training_logs\PPO_shared_encoder_public25_seed0_20260804_041634.csv
PPO_shared_encoder_public25_seed0_20260804_041634,PPO,shared_encoder,u4_t20,4,20,0,660.3945556723394,85.5711994125547,617.1212235880039,600.0449204710385,634.8212723082338,4.028422562325325,0.7069592160003958,0.2801927910000813,0.17238963300012983,16082.039659099988,results\training_logs\PPO_shared_encoder_public25_seed0_20260804_041634.csv
PPO_shared_encoder_public25_seed0_20260804_041634,PPO,shared_encoder,u4_t40,4,40,0,1204.9826163334503,14.464219345113603,1182.1626905949574,942.7669701277188,1208.1097192267905,-0.2588426236105091,1.4634348335003597,0.5847975230000884,0.25672129449914793,16083.73362529998,results\training_logs\PPO_shared_encoder_public25_seed0_20260804_041634.csv
PPO_shared_encoder_public25_seed0_20260804_041634,PPO,shared_encoder,u4_t60,4,60,0,1323.4611539839175,177.00528797647456,1189.5751939570684,1187.7823696611556,1708.2543276618485,-22.525520201936896,2.3682127879992914,0.9750322625002446,0.3482417369996256,16086.359606700003,results\training_logs\PPO_shared_encoder_public25_seed0_20260804_041634.csv
PPO_shared_encoder_public25_seed0_20260804_041634,PPO,shared_encoder,u4_t80,4,80,0,1750.1796255288184,49.028611928979736,1683.9817071218156,1493.4735402919268,1842.4533722226693,-5.008199832082324,3.8346868559998986,1.4648897795001539,0.8275167619998683,16090.373425099984,results\training_logs\PPO_shared_encoder_public25_seed0_20260804_041634.csv
PPO_shared_encoder_public25_seed0_20260804_041634,PPO,shared_encoder,u6_t100,6,100,0,1285.5793000084784,17.81368014886621,1263.091407149678,1244.973742508109,1262.4323181045447,1.8335226033097198,6.130328766500097,2.302433221500105,1.5459746955003357,16112.294626200004,results\training_logs\PPO_shared_encoder_public25_seed0_20260804_041634.csv
PPO_shared_encoder_public25_seed0_20260804_041634,PPO,shared_encoder,u6_t20,6,20,0,512.7008962603262,16.861525350379374,502.26060012648304,502.26060012648304,539.1873163996008,-4.91228545881541,0.7442451474996779,0.2972893420010951,0.17333237150094646,16096.800897099994,results\training_logs\PPO_shared_encoder_public25_seed0_20260804_041634.csv
PPO_shared_encoder_public25_seed0_20260804_041634,PPO,shared_encoder,u6_t40,6,40,0,726.7633524325024,137.12068087225532,611.1908156380596,598.0766417264003,1013.277564801122,-28.27598501352927,1.565340973499624,0.6401460490007593,0.26142843899979196,16098.60661219999,results\training_logs\PPO_shared_encoder_public25_seed0_20260804_041634.csv
PPO_shared_encoder_public25_seed0_20260804_041634,PPO,shared_encoder,u6_t60,6,60,0,1203.614198394523,5.163815664696971,1197.3270128429915,665.4912560941837,1204.447338100797,-0.06917194965016774,2.890393205999353,1.092923241999597,0.6581113959998766,16101.67474609999,results\training_logs\PPO_shared_encoder_public25_seed0_20260804_041634.csv
PPO_shared_encoder_public25_seed0_20260804_041634,PPO,shared_encoder,u6_t80,6,80,0,1291.7462979349734,26.228320398504785,1257.919239693391,1077.711258831113,1282.4893662509803,0.7217940302345989,4.151923383500398,1.642715071999628,0.8275238055004592,16106.049312100004,results\training_logs\PPO_shared_encoder_public25_seed0_20260804_041634.csv
PPO_shared_encoder_public25_seed0_20260804_041634,PPO,shared_encoder,u8_t100,8,100,0,1213.845116190773,109.7561621798387,1150.3397680239314,1097.847794514933,1148.1406775032206,5.722681895604923,6.999621310001239,2.542005924999685,2.0132554854996854,16130.886546999987,results\training_logs\PPO_shared_encoder_public25_seed0_20260804_041634.csv
PPO_shared_encoder_public25_seed0_20260804_041634,PPO,shared_encoder,u8_t20,8,20,0,563.058816170362,15.610181292551012,544.8424563304493,528.1266399563503,573.5644240217935,-1.8316351941368492,0.7832252635003534,0.3168373025001347,0.17299092300025223,16113.300030800005,results\training_logs\PPO_shared_encoder_public25_seed0_20260804_041634.csv
PPO_shared_encoder_public25_seed0_20260804_041634,PPO,shared_encoder,u8_t40,8,40,0,633.8644247754758,12.817671233332614,616.7228267931916,596.6818253271775,658.3889127507409,-3.7249242051786933,1.8253122315006476,0.6931397915013804,0.4174843399995734,16115.350263399989,results\training_logs\PPO_shared_encoder_public25_seed0_20260804_041634.csv
PPO_shared_encoder_public25_seed0_20260804_041634,PPO,shared_encoder,u8_t60,8,60,0,937.4738367609459,214.14943321467263,621.9744736935779,618.337992783107,1094.1043618811327,-14.315866984652756,3.084209243000514,1.1989908894996189,0.6621149154993327,16118.689440300004,results\training_logs\PPO_shared_encoder_public25_seed0_20260804_041634.csv
PPO_shared_encoder_public25_seed0_20260804_041634,PPO,shared_encoder,u8_t80,8,80,0,1115.182883681055,31.44033397963787,1067.4730779134538,963.6875375089508,1074.904543573859,3.7471550704658885,4.8212857829999844,1.8097602044987433,1.2200513529997261,16123.688197199996,results\training_logs\PPO_shared_encoder_public25_seed0_20260804_041634.csv
REINFORCE_baseline_public25_seed0_20260807_133256,REINFORCE,baseline,u10_t100,10,100,0,1308.247452461291,7.3074614242907465,1298.1962106191572,1298.1962106191572,1187.1112015225146,10.204288425836987,21.776024233317003,,,830.241231699998,results\training_logs\REINFORCE_baseline_public25_seed0_20260807_133256.csv
REINFORCE_baseline_public25_seed0_20260807_133256,REINFORCE,baseline,u10_t20,10,20,0,562.637240568885,1.108438590645052,561.853456124911,561.853456124911,513.442349514357,9.581385544269823,3.319975266679345,,,770.7003258999903,results\training_logs\REINFORCE_baseline_public25_seed0_20260807_133256.csv
REINFORCE_baseline_public25_seed0_20260807_133256,REINFORCE,baseline,u10_t40,10,40,0,648.6978916732855,3.6454446331063486,645.1362839461227,645.1362839461227,627.4656809475473,3.3838043052291074,7.095861999997093,,,778.3458781000227,results\training_logs\REINFORCE_baseline_public25_seed0_20260807_133256.csv
REINFORCE_baseline_public25_seed0_20260807_133256,REINFORCE,baseline,u10_t60,10,60,0,1123.4642067614357,75.808793456402,1065.716736458004,1065.716736458004,671.9934380046263,67.18380615402694,12.607568766669525,,,791.2970511000021,results\training_logs\REINFORCE_baseline_public25_seed0_20260807_133256.csv
REINFORCE_baseline_public25_seed0_20260807_133256,REINFORCE,baseline,u10_t80,10,80,0,1279.228422275534,18.724053443349156,1256.2858962310388,1256.2858962310388,1137.024794303537,12.506642659371488,16.502274266657576,,,807.1103678999934,results\training_logs\REINFORCE_baseline_public25_seed0_20260807_133256.csv
REINFORCE_baseline_public25_seed0_20260807_133256,REINFORCE,baseline,u2_t100,2,100,0,3990.2642048642374,52.17050668989193,3914.5411724202113,3914.5411724202113,3276.265468505754,21.793067235303287,17.562249975002487,,,875.4356924999738,results\training_logs\REINFORCE_baseline_public25_seed0_20260807_133256.csv
REINFORCE_baseline_public25_seed0_20260807_133256,REINFORCE,baseline,u2_t20,2,20,0,1696.641753338515,116.34484989941336,1549.7310490309,1549.7310490309,1235.4772701211982,37.3268286167723,3.2490181250032037,,,833.3152666999958,results\training_logs\REINFORCE_baseline_public25_seed0_20260807_133256.csv
REINFORCE_baseline_public25_seed0_20260807_133256,REINFORCE,baseline,u2_t40,2,40,0,2411.7493890855826,50.36693731786006,2350.111943060744,2350.111943060744,1789.903467469675,34.741869207895874,6.108167149999645,,,839.6685818000115,results\training_logs\REINFORCE_baseline_public25_seed0_20260807_133256.csv
REINFORCE_baseline_public25_seed0_20260807_133256,REINFORCE,baseline,u2_t60,2,60,0,2890.286942654554,317.78556898813906,2558.6832951414017,2558.6832951414017,2491.2066372895238,16.019558530047775,9.832727724991855,,,847.7222169000306,results\training_logs\REINFORCE_baseline_public25_seed0_20260807_133256.csv
REINFORCE_baseline_public25_seed0_20260807_133256,REINFORCE,baseline,u2_t80,2,80,0,3463.8649419903913,270.0329393584974,3143.043267172632,3143.043267172632,2551.0798450866023,35.78034214263499,12.637049024982844,,,859.4172105999896,results\training_logs\REINFORCE_baseline_public25_seed0_20260807_133256.csv
REINFORCE_baseline_public25_seed0_20260807_133256,REINFORCE,baseline,u4_t100,4,100,0,2588.9029418788505,41.73899489098351,2544.4251559040845,2544.4251559040845,1960.638599316528,32.04386278946734,17.90149884999846,,,926.1474248000304,results\training_logs\REINFORCE_baseline_public25_seed0_20260807_133256.csv
REINFORCE_baseline_public25_seed0_20260807_133256,REINFORCE,baseline,u4_t20,4,20,0,882.0346766353424,137.65933875530692,644.2191846321656,644.2191846321656,634.8212723082338,38.942205485369364,2.991016350017162,,,878.4128439999768,results\training_logs\REINFORCE_baseline_public25_seed0_20260807_133256.csv
REINFORCE_baseline_public25_seed0_20260807_133256,REINFORCE,baseline,u4_t40,4,40,0,1387.6599798023033,138.59358473896182,1286.2983485157724,1286.2983485157724,1208.1097192267905,14.862082285905936,6.260196600007475,,,884.2292795000249,results\training_logs\REINFORCE_baseline_public25_seed0_20260807_133256.csv
REINFORCE_baseline_public25_seed0_20260807_133256,REINFORCE,baseline,u4_t60,4,60,0,1978.0833642417922,184.72254311851927,1781.4244927218024,1781.4244927218024,1708.2543276618485,15.795600936616317,9.944637300010072,,,893.8045070000226,results\training_logs\REINFORCE_baseline_public25_seed0_20260807_133256.csv
REINFORCE_baseline_public25_seed0_20260807_133256,REINFORCE,baseline,u4_t80,4,80,0,2239.1663258676836,195.55402879828657,1907.8323990572944,1907.8323990572944,1842.4533722226693,21.531777119897157,13.633102674983093,,,907.3540972999764,results\training_logs\REINFORCE_baseline_public25_seed0_20260807_133256.csv
REINFORCE_baseline_public25_seed0_20260807_133256,REINFORCE,baseline,u6_t100,6,100,0,1819.9096949456489,31.272769763622875,1778.152507105178,1778.152507105178,1262.4323181045447,44.15899124620939,19.029359266666386,,,707.3718353000004,results\training_logs\REINFORCE_baseline_public25_seed0_20260807_133256.csv
REINFORCE_baseline_public25_seed0_20260807_133256,REINFORCE,baseline,u6_t20,6,20,0,707.364166081085,166.04142779746573,532.7831152424773,532.7831152424773,539.1873163996008,31.19080226227827,2.939030775014544,,,928.847675200028,results\training_logs\REINFORCE_baseline_public25_seed0_20260807_133256.csv
REINFORCE_baseline_public25_seed0_20260807_133256,REINFORCE,baseline,u6_t40,6,40,0,1184.3786348525823,26.549376571357378,1153.546839614398,1153.546839614398,1013.277564801122,16.885903329463595,6.796342175017344,,,935.1796789999936,results\training_logs\REINFORCE_baseline_public25_seed0_20260807_133256.csv
REINFORCE_baseline_public25_seed0_20260807_133256,REINFORCE,baseline,u6_t60,6,60,0,1284.4626081529602,17.743835841181458,1265.9105141929333,1265.9105141929333,1204.447338100797,6.643318268969183,10.457908433338162,,,670.0489709000103,results\training_logs\REINFORCE_baseline_public25_seed0_20260807_133256.csv
REINFORCE_baseline_public25_seed0_20260807_133256,REINFORCE,baseline,u6_t80,6,80,0,1657.617931158108,229.13191485368782,1335.9680928589678,1335.9680928589678,1282.4893662509803,29.25003316040874,15.519928266682351,,,687.2164454000304,results\training_logs\REINFORCE_baseline_public25_seed0_20260807_133256.csv
REINFORCE_baseline_public25_seed0_20260807_133256,REINFORCE,baseline,u8_t100,8,100,0,1743.7418925187887,25.821317107215748,1720.5400593074576,1720.5400593074576,1148.1406775032206,51.87528207003166,20.32473226665752,,,767.6321628000005,results\training_logs\REINFORCE_baseline_public25_seed0_20260807_133256.csv
REINFORCE_baseline_public25_seed0_20260807_133256,REINFORCE,baseline,u8_t20,8,20,0,593.287198855074,20.22196183034151,567.8193811747653,567.8193811747653,573.5644240217935,3.438632873180293,3.5252205666426257,,,710.8912693000166,results\training_logs\REINFORCE_baseline_public25_seed0_20260807_133256.csv
REINFORCE_baseline_public25_seed0_20260807_133256,REINFORCE,baseline,u8_t40,8,40,0,1094.7879472810507,86.16001526485154,1025.8149526762868,1025.8149526762868,658.3889127507409,66.28286504811265,7.4167751999921165,,,718.055260699999,results\training_logs\REINFORCE_baseline_public25_seed0_20260807_133256.csv
REINFORCE_baseline_public25_seed0_20260807_133256,REINFORCE,baseline,u8_t60,8,60,0,1240.1319384376873,8.169593288827532,1228.907943008526,1228.907943008526,1094.1043618811327,13.346768520827768,11.62360556666196,,,729.9975946000195,results\training_logs\REINFORCE_baseline_public25_seed0_20260807_133256.csv
REINFORCE_baseline_public25_seed0_20260807_133256,REINFORCE,baseline,u8_t80,8,80,0,1442.0160901912216,169.3934382877616,1202.5976575131888,1202.5976575131888,1074.904543573859,34.15294398112641,15.453989233336566,,,746.048399900028,results\training_logs\REINFORCE_baseline_public25_seed0_20260807_133256.csv
REINFORCE_baseline_public25_seed0_20260810_001022,REINFORCE,baseline,u10_t100,10,100,0,1269.4579436028655,43.06668140261129,1196.4802014841882,1156.5750588075698,1187.1112015225146,6.936733641695746,20.096194635723286,,,7020.744787600008,results\training_logs\REINFORCE_baseline_public25_seed0_20260810_001022.csv
REINFORCE_baseline_public25_seed0_20260810_001022,REINFORCE,baseline,u10_t20,10,20,0,561.9168902246499,6.863757696548566,541.3256171350043,489.7211029717006,513.442349514357,9.441087350146102,3.098454499991411,,,6963.850345299928,results\training_logs\REINFORCE_baseline_public25_seed0_20260810_001022.csv
REINFORCE_baseline_public25_seed0_20260810_001022,REINFORCE,baseline,u10_t40,10,40,0,684.6031870592566,132.581227524464,607.2912387693184,607.2912387693184,627.4656809475473,9.106076690190434,6.743211832146959,,,6971.198629699997,results\training_logs\REINFORCE_baseline_public25_seed0_20260810_001022.csv
REINFORCE_baseline_public25_seed0_20260810_001022,REINFORCE,baseline,u10_t60,10,60,0,1065.0645625554364,12.19301501459474,1042.3126949925695,1026.7178335255542,671.9934380046263,58.49329804736932,10.606267496423763,,,6981.931257499964,results\training_logs\REINFORCE_baseline_public25_seed0_20260810_001022.csv
REINFORCE_baseline_public25_seed0_20260810_001022,REINFORCE,baseline,u10_t80,10,80,0,1146.21839648553,62.41181229072424,1093.0835894424,1093.0835894424,1137.024794303537,0.8085665526427236,14.858497832145076,,,6998.018754199962,results\training_logs\REINFORCE_baseline_public25_seed0_20260810_001022.csv
REINFORCE_baseline_public25_seed0_20260810_001022,REINFORCE,baseline,u2_t100,2,100,0,3914.852696881542,346.2365560053606,3359.130540699934,3300.3798021369053,3276.265468505754,19.491315173157695,15.83677538620019,,,7076.586830099928,results\training_logs\REINFORCE_baseline_public25_seed0_20260810_001022.csv
REINFORCE_baseline_public25_seed0_20260810_001022,REINFORCE,baseline,u2_t20,2,20,0,1536.941123020647,121.98665238221051,1194.2765865884985,1194.2765865884985,1235.4772701211982,24.400598877053856,2.7862592862100053,,,7024.188349899952,results\training_logs\REINFORCE_baseline_public25_seed0_20260810_001022.csv
REINFORCE_baseline_public25_seed0_20260810_001022,REINFORCE,baseline,u2_t40,2,40,0,1936.8318935777745,25.491888352670404,1880.951312715116,1814.2680031492705,1789.903467469675,8.208734648456053,5.648994155159895,,,7029.871351799928,results\training_logs\REINFORCE_baseline_public25_seed0_20260810_001022.csv
REINFORCE_baseline_public25_seed0_20260810_001022,REINFORCE,baseline,u2_t60,2,60,0,2915.768052120641,210.18781425479114,2538.517695750245,2532.0762735129547,2491.2066372895238,17.04240059720809,8.733555813793672,,,7041.204846999957,results\training_logs\REINFORCE_baseline_public25_seed0_20260810_001022.csv
REINFORCE_baseline_public25_seed0_20260810_001022,REINFORCE,baseline,u2_t80,2,80,0,3327.920188925769,245.3762651344691,3010.406028994074,2929.9563368458826,2551.0798450866023,30.451431982239463,12.103349282751502,,,7055.872343899915,results\training_logs\REINFORCE_baseline_public25_seed0_20260810_001022.csv
REINFORCE_baseline_public25_seed0_20260810_001022,REINFORCE,baseline,u4_t100,4,100,0,2495.9566102691642,179.28721222382137,2017.3316613724903,2017.3316613724903,1960.638599316528,27.30324758164235,16.76391903793134,,,7123.346257500001,results\training_logs\REINFORCE_baseline_public25_seed0_20260810_001022.csv
REINFORCE_baseline_public25_seed0_20260810_001022,REINFORCE,baseline,u4_t20,4,20,0,946.7757576664324,111.26943266099163,658.1729563008236,644.2191846321656,634.8212723082338,49.14052174463537,2.837654296549615,,,7079.950452699908,results\training_logs\REINFORCE_baseline_public25_seed0_20260810_001022.csv
REINFORCE_baseline_public25_seed0_20260810_001022,REINFORCE,baseline,u4_t40,4,40,0,1248.4055545239532,132.73013706611272,1126.3857980588164,1126.3857980588164,1208.1097192267905,3.3354450060175593,5.8100615586234445,,,7086.142547999974,results\training_logs\REINFORCE_baseline_public25_seed0_20260810_001022.csv
REINFORCE_baseline_public25_seed0_20260810_001022,REINFORCE,baseline,u4_t60,4,60,0,1804.9502924458025,104.15515057460016,1681.7802105685214,1658.382088076164,1708.2543276618485,5.6605133801303085,9.165830820690488,,,7096.975773999933,results\training_logs\REINFORCE_baseline_public25_seed0_20260810_001022.csv
REINFORCE_baseline_public25_seed0_20260810_001022,REINFORCE,baseline,u4_t80,4,80,0,2180.2080542503054,219.64693948569573,1887.27935557758,1887.27935557758,1842.4533722226693,18.33178994484843,13.009386327591372,,,7108.740363499965,results\training_logs\REINFORCE_baseline_public25_seed0_20260810_001022.csv
REINFORCE_baseline_public25_seed0_20260810_001022,REINFORCE,baseline,u6_t100,6,100,0,1818.003208142627,94.05774672343256,1686.0635088751642,1686.0635088751642,1262.4323181045447,44.007974294592984,17.81860043791701,,,7167.695802800008,results\training_logs\REINFORCE_baseline_public25_seed0_20260810_001022.csv
REINFORCE_baseline_public25_seed0_20260810_001022,REINFORCE,baseline,u6_t20,6,20,0,604.9750218995048,113.5149594478006,502.76417698848775,502.76417698848775,539.1873163996008,12.201270968167131,2.830450699997841,,,7125.835485799937,results\training_logs\REINFORCE_baseline_public25_seed0_20260810_001022.csv
REINFORCE_baseline_public25_seed0_20260810_001022,REINFORCE,baseline,u6_t40,6,40,0,1116.3159798707645,44.5846710966368,1052.2877285185416,1046.496347631389,1013.277564801122,10.168824283587691,6.0007892999806085,,,7131.121272399905,results\training_logs\REINFORCE_baseline_public25_seed0_20260810_001022.csv
REINFORCE_baseline_public25_seed0_20260810_001022,REINFORCE,baseline,u6_t60,6,60,0,1240.3140397690386,31.012165261962878,1185.826182078895,1144.778978383466,1204.447338100797,2.9778555303876653,9.531464617237738,,,7139.726432999945,results\training_logs\REINFORCE_baseline_public25_seed0_20260810_001022.csv
REINFORCE_baseline_public25_seed0_20260810_001022,REINFORCE,baseline,u6_t80,6,80,0,1527.654191983795,130.38364930195212,1328.5661978086828,1328.5661978086828,1282.4893662509803,19.11632425066334,13.657050372418498,,,7151.546701199957,results\training_logs\REINFORCE_baseline_public25_seed0_20260810_001022.csv
REINFORCE_baseline_public25_seed0_20260810_001022,REINFORCE,baseline,u8_t100,8,100,0,1703.1009560505213,99.9250599188044,1578.354965649945,1578.354965649945,1148.1406775032206,48.335564571593544,18.913598014287086,,,6961.144064599997,results\training_logs\REINFORCE_baseline_public25_seed0_20260810_001022.csv
REINFORCE_baseline_public25_seed0_20260810_001022,REINFORCE,baseline,u8_t20,8,20,0,570.602385445949,26.683032438957593,514.7438866496948,514.7438866496948,573.5644240217935,-0.5164264818021332,2.957292406908076,,,7170.242397299968,results\training_logs\REINFORCE_baseline_public25_seed0_20260810_001022.csv
REINFORCE_baseline_public25_seed0_20260810_001022,REINFORCE,baseline,u8_t40,8,40,0,1047.4789543837392,19.585747481619887,1001.1962044320017,661.9746269004689,658.3889127507409,59.09729554943214,6.230819737924071,,,7176.819965499919,results\training_logs\REINFORCE_baseline_public25_seed0_20260810_001022.csv
REINFORCE_baseline_public25_seed0_20260810_001022,REINFORCE,baseline,u8_t60,8,60,0,1185.142269347089,51.5827853281801,1045.98172606986,1045.98172606986,1094.1043618811327,8.320769995782815,9.993638251723464,,,7189.149822699954,results\training_logs\REINFORCE_baseline_public25_seed0_20260810_001022.csv
REINFORCE_baseline_public25_seed0_20260810_001022,REINFORCE,baseline,u8_t80,8,80,0,1341.8597861944475,159.0377120244964,1179.8229934579551,1179.8229934579551,1074.904543573859,24.835251112904558,14.134633689669185,,,7202.033713199897,results\training_logs\REINFORCE_baseline_public25_seed0_20260810_001022.csv
REINFORCE_baseline_public25_seed0_20260810_030233,REINFORCE,baseline,u10_t100,10,100,0,1129.7271525230956,76.84972613070106,1048.8809914736405,1046.5527008234417,1187.1112015225146,-4.833923639657503,19.89997528950011,,,50266.8534838,results\training_logs\REINFORCE_baseline_public25_seed0_20260810_030233.csv
REINFORCE_baseline_public25_seed0_20260810_030233,REINFORCE,baseline,u10_t20,10,20,0,510.7137611631132,19.94611580715761,472.6107626752299,472.6107626752299,513.442349514357,-0.5314303258826812,3.075859606500046,,,50214.2937794,results\training_logs\REINFORCE_baseline_public25_seed0_20260810_030233.csv
REINFORCE_baseline_public25_seed0_20260810_030233,REINFORCE,baseline,u10_t40,10,40,0,602.9119489377355,26.31695105625148,570.5512301834173,561.3990940704418,627.4656809475473,-3.9131593576134374,6.57735595949983,,,50220.955477,results\training_logs\REINFORCE_baseline_public25_seed0_20260810_030233.csv
REINFORCE_baseline_public25_seed0_20260810_030233,REINFORCE,baseline,u10_t60,10,60,0,939.3247762422282,140.16742843504795,791.982190904789,665.7202153955677,671.9934380046263,39.7818376071347,10.60149247249994,,,50231.6743032,results\training_logs\REINFORCE_baseline_public25_seed0_20260810_030233.csv
REINFORCE_baseline_public25_seed0_20260810_030233,REINFORCE,baseline,u10_t80,10,80,0,1093.4290288040625,97.95980084892797,986.8822840217116,964.4571509818536,1137.024794303537,-3.834196555597389,14.97928679400001,,,50246.9189049,results\training_logs\REINFORCE_baseline_public25_seed0_20260810_030233.csv
REINFORCE_baseline_public25_seed0_20260810_030233,REINFORCE,baseline,u2_t100,2,100,0,3754.879635162589,800.802810346173,3333.7629472556723,3164.3588505104512,3276.265468505754,14.608528254431164,15.720697562000044,,,50060.3526666,results\training_logs\REINFORCE_baseline_public25_seed0_20260810_030233.csv
REINFORCE_baseline_public25_seed0_20260810_030233,REINFORCE,baseline,u2_t20,2,20,0,1334.6101157209646,201.70104196962743,1173.0361885961352,1136.5375885486085,1235.4772701211982,8.023850215394217,2.7215148915000484,,,50016.9472044,results\training_logs\REINFORCE_baseline_public25_seed0_20260810_030233.csv
REINFORCE_baseline_public25_seed0_20260810_030233,REINFORCE,baseline,u2_t40,2,40,0,2018.140305235943,434.9091837077553,1682.5353725717912,1682.5353725717912,1789.903467469675,12.751348992519617,5.54995806449966,,,50022.7322046,results\training_logs\REINFORCE_baseline_public25_seed0_20260810_030233.csv
REINFORCE_baseline_public25_seed0_20260810_030233,REINFORCE,baseline,u2_t60,2,60,0,2764.407029625054,636.1920290173755,2377.9944061820665,2307.325069543662,2491.2066372895238,10.966588971229495,8.672140794999791,,,50031.6896943,results\training_logs\REINFORCE_baseline_public25_seed0_20260810_030233.csv
REINFORCE_baseline_public25_seed0_20260810_030233,REINFORCE,baseline,u2_t80,2,80,0,3322.8400994446165,677.5127658169627,2754.1524449909666,2754.1524449909666,2551.0798450866023,30.252297114276132,12.108011460500116,,,50044.1377562,results\training_logs\REINFORCE_baseline_public25_seed0_20260810_030233.csv
REINFORCE_baseline_public25_seed0_20260810_030233,REINFORCE,baseline,u4_t100,4,100,0,2300.715011147069,263.77301487848746,1994.705027655156,1933.1845896945665,1960.638599316528,17.345185999555998,16.889076616000274,,,50108.6996576,results\training_logs\REINFORCE_baseline_public25_seed0_20260810_030233.csv
REINFORCE_baseline_public25_seed0_20260810_030233,REINFORCE,baseline,u4_t20,4,20,0,844.6131854885792,80.93567717923133,661.0340538653729,644.2191846321656,634.8212723082338,33.04739811530483,2.7794546584997533,,,50063.2699482,results\training_logs\REINFORCE_baseline_public25_seed0_20260810_030233.csv
REINFORCE_baseline_public25_seed0_20260810_030233,REINFORCE,baseline,u4_t40,4,40,0,1201.706916112796,173.00433096577848,1087.593978365581,1026.450475877164,1208.1097192267905,-0.5299852333025116,5.742729135500338,,,50069.2114169,results\training_logs\REINFORCE_baseline_public25_seed0_20260810_030233.csv
REINFORCE_baseline_public25_seed0_20260810_030233,REINFORCE,baseline,u4_t60,4,60,0,1651.3508726912412,268.4977318102285,1426.029283124994,1390.5259616613732,1708.2543276618485,-3.3310880030664514,8.98246719399973,,,50078.3541168,results\training_logs\REINFORCE_baseline_public25_seed0_20260810_030233.csv
REINFORCE_baseline_public25_seed0_20260810_030233,REINFORCE,baseline,u4_t80,4,80,0,1922.7185292635172,229.61993963368315,1725.461021516165,1635.565781598894,1842.4533722226693,4.356428132779229,12.813037520999801,,,50091.5560171,results\training_logs\REINFORCE_baseline_public25_seed0_20260810_030233.csv
REINFORCE_baseline_public25_seed0_20260810_030233,REINFORCE,baseline,u6_t100,6,100,0,1543.554151886227,176.36668771239758,1310.6414483189633,1301.4373493466244,1262.4323181045447,22.268269732176,17.802631256999923,,,50158.983564400005,results\training_logs\REINFORCE_baseline_public25_seed0_20260810_030233.csv
REINFORCE_baseline_public25_seed0_20260810_030233,REINFORCE,baseline,u6_t20,6,20,0,536.7709740462726,20.73071151076457,506.5556266138384,502.76417698848775,539.1873163996008,-0.44814525116488946,2.872692332499989,,,50111.8488462,results\training_logs\REINFORCE_baseline_public25_seed0_20260810_030233.csv
REINFORCE_baseline_public25_seed0_20260810_030233,REINFORCE,baseline,u6_t40,6,40,0,1026.3664940066312,52.53853024023705,929.916864499413,849.1460620935558,1013.277564801122,1.291741735945589,5.9524855270000305,,,50117.882826,results\training_logs\REINFORCE_baseline_public25_seed0_20260810_030233.csv
REINFORCE_baseline_public25_seed0_20260810_030233,REINFORCE,baseline,u6_t60,6,60,0,1147.0542630795085,72.33826295512927,1080.1417364922024,1069.7074761044762,1204.447338100797,-4.765096256660532,9.587330285000112,,,50127.3957173,results\training_logs\REINFORCE_baseline_public25_seed0_20260810_030233.csv
REINFORCE_baseline_public25_seed0_20260810_030233,REINFORCE,baseline,u6_t80,6,80,0,1412.2005417132011,193.9988653968364,1251.62604182181,1218.934302474198,1282.4893662509803,10.114015669494185,13.574667753499972,,,50141.016771,results\training_logs\REINFORCE_baseline_public25_seed0_20260810_030233.csv
REINFORCE_baseline_public25_seed0_20260810_030233,REINFORCE,baseline,u8_t100,8,100,0,1276.5951481745183,153.36502986770515,1167.649614109014,1144.8260486056145,1148.1406775032206,11.188042823344476,18.62503548000005,,,50211.1541893,results\training_logs\REINFORCE_baseline_public25_seed0_20260810_030233.csv
REINFORCE_baseline_public25_seed0_20260810_030233,REINFORCE,baseline,u8_t20,8,20,0,538.45797603053,10.833044270854161,525.062774060218,514.7438866496948,573.5644240217935,-6.120750611605155,2.9583607904998144,,,50162.0212448,results\training_logs\REINFORCE_baseline_public25_seed0_20260810_030233.csv
REINFORCE_baseline_public25_seed0_20260810_030233,REINFORCE,baseline,u8_t40,8,40,0,730.3214901106777,148.06296022744988,617.6616976444092,617.6616976444092,658.3889127507409,10.925545064148077,6.247385702999918,,,50168.411645600005,results\training_logs\REINFORCE_baseline_public25_seed0_20260810_030233.csv
REINFORCE_baseline_public25_seed0_20260810_030233,REINFORCE,baseline,u8_t60,8,60,0,1077.5771253662485,67.38843267575265,1009.3327283463366,1006.974057899352,1094.1043618811327,-1.5105722169380909,10.062745865000078,,,50178.4565936,results\training_logs\REINFORCE_baseline_public25_seed0_20260810_030233.csv
REINFORCE_baseline_public25_seed0_20260810_030233,REINFORCE,baseline,u8_t80,8,80,0,1228.5322473270085,213.78053273653725,1080.681841861597,1070.6877818608582,1074.904543573859,14.29221828780868,14.160419471500074,,,50192.6489862,results\training_logs\REINFORCE_baseline_public25_seed0_20260810_030233.csv
