instance_id,n_usvs,n_tasks,best_rule_cmax,a2c_last10_mean,a2c_last10_std,a2c_epoch_time_mean_sec,dqn_last10_mean,dqn_last10_std,dqn_epoch_time_mean_sec,ddqn_last10_mean,ddqn_last10_std,ddqn_epoch_time_mean_sec,reinforce_last10_mean,reinforce_last10_std,reinforce_epoch_time_mean_sec,ours_last10_mean,ours_last10_std,ours_epoch_time_mean_sec,ours_gap_vs_best_drl_percent
u2_t20,2,20,1235.4772701211982,1240.6144704936603,105.1479786892543,4.788195992001274,1517.8469404721382,107.70242548331649,5.608435679498943,1589.3714577784535,50.659087969954214,7.1552915365007355,1334.6101157209646,201.70104196962743,2.7215148915000484,1161.763836564628,29.15408096872985,0.8806452010000066,-6.355772546942511
u2_t40,2,40,1789.903467469675,1802.674317178332,53.41108494207975,9.741480863501637,2482.3105910095264,84.7654565867845,7.1405779414999415,2587.0852137168995,269.16151661313296,8.845736289002817,2018.140305235943,434.9091837077553,5.54995806449966,1714.9948089622121,92.18089522840933,1.5702943899998718,-4.86385740233776
u2_t60,2,60,2491.2066372895238,2331.1355976565383,202.17502813691155,15.06451567050084,3208.254124739636,165.11385994320352,9.209416372003034,3119.2058118667146,49.30545981419294,11.075873255502374,2764.407029625054,636.1920290173755,8.672140794999791,2395.3889415041085,64.09837219207586,2.4343471625000164,2.756310868924285
u2_t80,2,80,2551.0798450866023,2818.0115888721166,152.54143426782116,20.634317711499463,3614.993257425596,220.53231289773433,11.843711834000132,3667.7934041696594,298.0220280969205,13.806472421000072,3322.8400994446165,677.5127658169627,12.108011460500116,2524.4993815499365,57.33642446665197,3.436931778999933,-10.415578434141771
u2_t100,2,100,3276.265468505754,3263.5995273985277,85.53743680231288,26.45240571000046,4188.288605791129,315.2536109664913,14.957845595000835,4515.187177670776,237.8803916790366,17.01337174950022,3754.879635162589,800.802810346173,15.720697562000044,3085.189686947537,134.35328659321112,4.769698096000102,-5.466658484081964
u4_t20,4,20,634.8212723082338,832.5748976924348,104.33774998663121,4.845082757999335,1091.5563586835979,80.02104335332405,5.756843348999101,960.2875187541428,23.152004591845827,7.287372278499533,844.6131854885792,80.93567717923133,2.7794546584997533,639.1099754000007,67.05533840216576,0.8855010894997395,-23.236939142489348
u4_t40,4,40,1208.1097192267905,1162.0514449450507,69.21497629180872,9.953440975501872,1576.1967066201553,188.9623532240558,7.477974119999853,1768.0025219492957,60.15715103543546,9.169386400002404,1201.706916112796,173.00433096577848,5.742729135500338,1006.1130704702518,92.31005147627589,1.6854150369997296,-13.419231579904158
u4_t60,4,60,1708.2543276618485,1637.5722414872585,39.23752626764667,15.341896602000634,2084.9355404957705,211.54147854826428,9.762966370498761,2068.7764829931466,207.24699147570726,11.536844482500165,1651.3508726912412,268.4977318102285,8.98246719399973,1226.3175422912598,74.96086611388623,2.6509503245001906,-25.113682851786333
u4_t80,4,80,1842.4533722226693,1835.8038935712216,51.81682324627434,21.26872941600028,2413.8035884612505,67.78197738819335,12.798834815999726,2501.2958637600714,168.31801153553144,14.84526597250282,1922.7185292635172,229.61993963368315,12.813037520999801,1623.2145006314483,99.73070482166092,4.455347069500058,-11.580179870204946
u4_t100,4,100,1960.638599316528,2068.0604946994586,90.63950864059642,27.569800095999526,2919.8182741745554,259.62158119450805,16.314824804500677,3074.563061394428,216.61695037136462,18.662360119500374,2300.715011147069,263.77301487848746,16.889076616000274,1855.0331347719075,60.54630831440366,6.003745830499975,-10.300828262691093
u6_t20,6,20,539.1873163996008,561.0587292561652,7.057257692396747,4.934208168499172,843.4971835107237,148.47096127914824,5.915006121000042,756.8102922462855,131.32231194007878,7.569212403999408,536.7709740462726,20.73071151076457,2.872692332499989,553.128305081128,18.952586342022745,0.9231000884999958,3.0473575930440147
u6_t40,6,40,1013.277564801122,779.1427707483076,164.30052940956662,10.136302027500351,1098.5769614313413,54.323442627240624,7.861659030499868,1197.8764645349215,33.23960593117028,9.644681870001078,1026.3664940066312,52.53853024023705,5.9524855270000305,698.5693396155009,117.61059859309215,1.7864002759998403,-10.341292271174133
u6_t60,6,60,1204.447338100797,1113.740749246614,42.14901680576433,15.900093622000277,1305.003563718909,126.811648576214,10.65945928350091,1404.4798086454703,145.95100902331808,12.636143844997278,1147.0542630795085,72.33826295512927,9.587330285000112,1007.4507407347419,80.94950547569485,3.384722472000358,-9.543514375654452
u6_t80,6,80,1282.4893662509803,1290.854669896094,89.19187572357094,22.05382284449908,1822.831038080815,51.21171770778584,14.027791224998946,1921.6986559593133,31.960110420437278,16.286632990500657,1412.2005417132011,193.9988653968364,13.574667753499972,1158.690342662337,39.315137129704695,4.754125917000128,-10.238513313384502
u6_t100,6,100,1262.4323181045447,1528.1625098526395,138.24899931974005,28.658339398998795,2118.7823662853784,209.89767051006126,17.79384504750109,2121.517373272051,210.66508359730352,20.3768347314978,1543.554151886227,176.36668771239758,17.802631256999923,1275.1120274021036,24.83770128613131,7.238479077999873,-16.559134307969472
u8_t20,8,20,573.5644240217935,538.6844153780017,19.14904445223894,5.030639951999474,679.9901906711533,147.936725339456,6.06398295800318,581.6928448598679,17.959945122619228,7.760068421001197,538.45797603053,10.833044270854161,2.9583607904998144,542.9717082493578,22.568369609017587,0.9556581165001262,0.8382701008726292
u8_t40,8,40,658.3889127507409,650.7048933077622,15.884761636960702,10.421881308998563,1046.5999533889778,201.22863782962565,8.37075213649863,1065.9600650497691,69.05104782116427,10.303653622000711,730.3214901106777,148.06296022744988,6.247385702999918,640.0756608150889,16.809239816991028,2.176287670500351,-1.6334950915523547
u8_t60,8,60,1094.1043618811327,953.0428133606993,48.9989442954561,16.38368866950041,1195.7887140345051,25.114699531331336,11.432972310995684,1277.769067768785,139.24222646717584,13.467504298000422,1077.5771253662485,67.38843267575265,10.062745865000078,950.9662546787928,55.16289131260994,3.566419101499814,-0.21788723998494272
u8_t80,8,80,1074.904543573859,1153.145318949831,31.364397747375378,22.821692321499285,1601.2612968552428,43.42928165042397,15.026319123500434,1677.8447811716644,13.649108186284991,17.382733414500255,1228.5322473270085,213.78053273653725,14.160419471500074,1074.8739829384936,47.5947722878496,5.6985047614998985,-6.787638533070509
u8_t100,8,100,1148.1406775032206,1426.9533592722792,181.81653976067105,29.489202468501027,1780.4284521016132,105.63093147584775,19.190367317998607,1792.35022032191,149.36787251889086,21.884050034999383,1276.5951481745183,153.36502986770515,18.62503548000005,1168.4682963163004,25.241776273190897,8.431825792499403,-8.469940686586115
u10_t20,10,20,513.442349514357,543.4683930638533,17.736008739588627,5.116626010999171,550.305442643427,16.217562111565737,6.27017064999789,558.8042839854928,8.36751747337701,7.872022802501451,510.7137611631132,19.94611580715761,3.075859606500046,506.3992243930963,22.795681751598426,0.9983701130000191,-0.8448052702145442
u10_t40,10,40,627.4656809475473,611.2698091534194,15.758810276392293,10.79013426949983,802.9665848908198,195.40775461054548,9.020363286499924,718.43365721941,123.98745013145366,10.843856118501863,602.9119489377355,26.31695105625148,6.57735595949983,604.0155667471289,11.342471236817083,2.288995574500186,0.18304792454982521
u10_t60,10,60,671.9934380046263,701.0239803456458,97.37536895685854,16.96707564800163,1211.7109869980575,37.373642905852144,12.435956177500193,1163.725390164479,62.729138014725955,14.499305926998495,939.3247762422282,140.16742843504795,10.60149247249994,647.0271059648746,15.03212186662202,4.205659571000106,-7.702571651564264
u10_t80,10,80,1137.024794303537,1058.7252176028283,20.24270817965618,23.697275832499727,1223.6065538472249,65.04628471101334,16.568064856501007,1291.0354683959586,27.761423559637198,19.031663995001292,1093.4290288040625,97.95980084892797,14.97928679400001,735.678991106182,124.36499989093369,6.771250212499617,-30.51275450188004
u10_t100,10,100,1187.1112015225146,1061.6220322355416,27.2262880349233,30.909444664499315,1411.8902141998783,177.4062343378747,21.459391975498292,1447.089957197986,206.39438233701225,24.33713243999926,1129.7271525230956,76.84972613070106,19.89997528950011,933.7545060703527,138.80455702508965,9.078286274499842,-12.044543376320867
