instance_id,n_usvs,n_tasks,R1_cmax,R1_time_sec,R2_cmax,R2_time_sec,R3_cmax,R3_time_sec,R4_cmax,R4_time_sec,R5_cmax,R5_time_sec,best_rule_name,best_rule_cmax,ours_last10_mean,ours_last10_std,ours_last10_min,ours_epoch_time_mean_sec,gap_percent
u2_t20,2,20,1235.4772701211982,0.005903400000534,1235.4772701211982,0.0059177000002819,1235.4772701211982,0.0059677000026567,1235.4772701211982,0.0060379999995348,1648.142715048298,0.0062655000001541,MinBattery_NearestTask,1235.4772701211982,1161.763836564628,29.15408096872985,1130.2658286606777,0.8806452010000066,-5.966393339582768
u2_t40,2,40,1789.903467469675,0.0229297000041697,1789.903467469675,0.0223458999971626,1789.903467469675,0.0224397000056342,1789.903467469675,0.0224927000017487,2985.704091362169,0.0219226000044727,MinBattery_NearestTask,1789.903467469675,1714.9948089622121,92.18089522840933,1511.945509929266,1.5702943899998718,-4.185066952988178
u2_t60,2,60,2491.2066372895238,0.0486869000014849,2491.2066372895238,0.048607799995807,2491.2066372895238,0.0493084999980055,2491.2066372895238,0.0483967999971355,4452.979979969232,0.0465208999958122,MinBattery_NearestTask,2491.2066372895238,2395.3889415041085,64.09837219207586,2324.5442895655174,2.4343471625000164,-3.8462363720123425
u2_t80,2,80,2551.0798450866023,0.084922899994126,2551.0798450866023,0.0849471000037738,2551.0798450866023,0.0844102000046405,2551.0798450866023,0.0847028999996837,5725.724036335487,0.0816878999976324,MinBattery_NearestTask,2551.0798450866023,2524.4993815499365,57.33642446665197,2429.7187925501958,3.436931778999933,-1.0419298944272535
u2_t100,2,100,3276.265468505754,0.1308981999973184,3276.265468505754,0.1314867999972193,3276.265468505754,0.1302240000004531,3276.265468505754,0.1303589999952237,6667.618839462179,0.1257471999997506,MinBattery_NearestTask,3276.265468505754,3085.189686947537,134.35328659321112,2743.9589785586777,4.769698096000102,-5.832121462531031
u4_t20,4,20,634.8212723082338,0.0087368999957107,634.8212723082338,0.0086429000002681,634.8212723082338,0.0088375000050291,634.8212723082338,0.0088412999975844,1116.781447019792,0.0085529999996651,MinBattery_NearestTask,634.8212723082338,639.1099754000007,67.05533840216576,599.349490529218,0.8855010894997395,0.6755764620446711
u4_t40,4,40,1208.1097192267905,0.0309281000008923,1208.1097192267905,0.0311660000006668,1208.1097192267905,0.0313959999984945,1208.1097192267905,0.0314633000016328,1809.9456757002988,0.0307138999996823,MinBattery_NearestTask,1208.1097192267905,1006.1130704702518,92.31005147627589,855.1441528153003,1.6854150369997296,-16.720058248171345
u4_t60,4,60,1708.2543276618485,0.0684465000013005,1708.2543276618485,0.0687542000014218,1708.2543276618485,0.0695444000011775,1708.2543276618485,0.0706324000057065,2452.076609770472,0.0688491000037174,MinBattery_NearestTask,1708.2543276618485,1226.3175422912598,74.96086611388623,1158.0870163318043,2.6509503245001906,-28.21223851545768
u4_t80,4,80,1842.4533722226693,0.1232261999975889,1842.4533722226693,0.1233016000041971,1842.4533722226693,0.1232648000004701,1842.4533722226693,0.1224617999978363,3001.7744400044194,0.1199829999968642,MinBattery_NearestTask,1842.4533722226693,1623.2145006314483,99.73070482166092,1462.4484938131482,4.455347069500058,-11.89929009311856
u4_t100,4,100,1960.638599316528,0.1907406999962404,1960.638599316528,0.1909878000005846,1960.638599316528,0.1916644000011729,1960.638599316528,0.1916673999949125,3788.744027674504,0.1873019999984535,MinBattery_NearestTask,1960.638599316528,1855.0331347719075,60.54630831440366,1762.6905549067485,6.003745830499975,-5.386278969588487
u6_t20,6,20,539.1873163996008,0.0116164999999455,539.1873163996008,0.0117027999949641,539.1873163996008,0.0118029999939608,539.1873163996008,0.0117702000061399,875.8432185926702,0.0115829999995185,MinBattery_NearestTask,539.1873163996008,553.128305081128,18.952586342022745,503.2103667953146,0.9231000884999958,2.585555753539886
u6_t40,6,40,1013.277564801122,0.0430439999981899,1013.277564801122,0.0430402999991201,1013.277564801122,0.0429054999985965,1013.277564801122,0.042735499999253,1210.81064814677,0.0417579999993904,MinBattery_NearestTask,1013.277564801122,698.5693396155009,117.61059859309215,614.4707412851624,1.7864002759998403,-31.058442041731137
u6_t60,6,60,1204.447338100797,0.091727200000605,1204.447338100797,0.0910768000030657,1204.447338100797,0.0909772000013617,1204.447338100797,0.0902825999946799,1781.770307254355,0.08812119999493,MinBattery_NearestTask,1204.447338100797,1007.4507407347419,80.94950547569485,850.7435592778829,3.384722472000358,-16.355766759938568
u6_t80,6,80,1282.4893662509803,0.158154699995066,1282.4893662509803,0.1583167999997385,1282.4893662509803,0.1585364999991725,1282.4893662509803,0.1581546000015805,1990.1034262302112,0.1544610000055399,MinBattery_NearestTask,1282.4893662509803,1158.690342662337,39.315137129704695,1109.962037892896,4.754125917000128,-9.653025346365034
u6_t100,6,100,1262.4323181045447,0.24291539999831,1262.4323181045447,0.2431077000001096,1262.4323181045447,0.2440171999987797,1262.4323181045447,0.2504439999975147,2588.8953280469614,0.2450681999980588,MinBattery_NearestTask,1262.4323181045447,1275.1120274021036,24.83770128613131,1227.8374226826843,7.238479077999873,1.00438725432795
u8_t20,8,20,573.5644240217935,0.0147003000020049,573.5644240217935,0.0146902999986195,573.5644240217935,0.0147539000026881,573.5644240217935,0.0147722999972756,594.6205530170921,0.0144300000029033,MinBattery_NearestTask,573.5644240217935,542.9717082493578,22.568369609017587,525.062774060218,0.9556581165001262,-5.333788933058591
u8_t40,8,40,658.3889127507409,0.0532804000031319,658.3889127507409,0.0530748000019229,658.3889127507409,0.0529992999945534,658.3889127507409,0.0531262000004062,1218.711334656825,0.0522141000037663,MinBattery_NearestTask,658.3889127507409,640.0756608150889,16.809239816991028,610.6925440588285,2.176287670500351,-2.781524959030596
u8_t60,8,60,1094.1043618811327,0.1157160000002477,1094.1043618811327,0.1159761999952024,1094.1043618811327,0.1159609999958775,1094.1043618811327,0.1161294999983511,1248.589806791493,0.113951299994369,MinBattery_NearestTask,1094.1043618811327,950.9662546787928,55.16289131260994,878.6219576767726,3.566419101499814,-13.082674029032978
u8_t80,8,80,1074.904543573859,0.2021439999953145,1074.904543573859,0.2012871999977505,1074.904543573859,0.2017476999972132,1074.904543573859,0.1981128000043099,1790.9534363892533,0.1925789000015356,MinBattery_NearestTask,1074.904543573859,1074.8739829384936,47.5947722878496,1014.6475688267384,5.6985047614998985,-0.0028431022594629617
u8_t100,8,100,1148.1406775032206,0.3023109999994631,1148.1406775032206,0.3011840999970445,1148.1406775032206,0.3007906999991974,1148.1406775032206,0.3036397000032593,2192.764389417016,0.2986837999997078,MinBattery_NearestTask,1148.1406775032206,1168.4682963163004,25.241776273190897,1116.7484986150032,8.431825792499403,1.7704815456312286
u10_t20,10,20,513.442349514357,0.0174240999986068,513.442349514357,0.0173916000057943,513.442349514357,0.0174899000048753,513.442349514357,0.0179219999990891,559.9277735462435,0.0175286999947275,MinBattery_NearestTask,513.442349514357,506.3992243930963,22.795681751598426,472.6107626752299,0.9983701130000191,-1.3717460446966503
u10_t40,10,40,627.4656809475473,0.063814100001764,627.4656809475473,0.0635161000027437,627.4656809475473,0.0634175999948638,627.4656809475473,0.063004900002852,957.3671098819304,0.061522000003606,MinBattery_NearestTask,627.4656809475473,604.0155667471289,11.342471236817083,576.4767584290566,2.288995574500186,-3.7372743900520513
u10_t60,10,60,671.9934380046263,0.1372623999995994,671.9934380046263,0.1379234000050928,671.9934380046263,0.1376557999974466,671.9934380046263,0.1386840000050142,1193.9764350817031,0.1363063999961014,MinBattery_NearestTask,671.9934380046263,647.0271059648746,15.03212186662202,626.6745519050368,4.205659571000106,-3.715264261193548
u10_t80,10,80,1137.024794303537,0.2416594000023906,1137.024794303537,0.2446994999991147,1137.024794303537,0.2424337999982526,1137.024794303537,0.2415828999946825,1357.6824276116938,0.2391124999994645,MinBattery_NearestTask,1137.024794303537,735.678991106182,124.36499989093369,659.5702911787035,6.771250212499617,-35.297893696609464
u10_t100,10,100,1187.1112015225146,0.3681234000032418,1187.1112015225146,0.3629704000049969,1187.1112015225146,0.5692724999971688,1187.1112015225146,0.5020994000005885,1816.9612465912571,0.4653190999961225,MinBattery_NearestTask,1187.1112015225146,933.7545060703527,138.80455702508965,679.8878853589136,9.078286274499842,-21.342288332148033
